{
  "_fv": 69,
  "_type": "recipe",
  "definition": {
    "recipeType": "Crafting",
    "recipeRetstackSize": 1,
    "group": "",
    "cookingBookCategory": "MISC",
    "xpReward": 0.0,
    "cookingTime": 200,
    "craftingBookCategory": "EQUIPMENT",
    "recipeShapeless": true,
    "recipeSlots": [
      {
        "value": "CUSTOM:AluminiumPickaxe"
      },
      {
        "value": "CUSTOM:AluminiumAxe"
      },
      {
        "value": "CUSTOM:AluminiumShovel"
      },
      {
        "value": "CUSTOM:AluminiumHoe"
      },
      {
        "value": ""
      },
      {
        "value": ""
      },
      {
        "value": ""
      },
      {
        "value": ""
      },
      {
        "value": ""
      }
    ],
    "recipeReturnStack": {
      "value": "CUSTOM:AluminiumMulti"
    },
    "name": "aluminium_multi_recipe",
    "namespace": "mod"
  }
}