{
  "_fv": 69,
  "_type": "item",
  "definition": {
    "renderType": 1,
    "texture": "acid_materials",
    "customModelName": "arcane_staff:default",
    "customProperties": {},
    "states": [],
    "name": "Arcane Staff",
    "rarity": "COMMON",
    "creativeTabs": [
      {
        "value": "CUSTOM:Blessing"
      }
    ],
    "stackSize": 1,
    "enchantability": 0,
    "useDuration": 0,
    "toolType": 1.0,
    "damageCount": 0,
    "recipeRemainder": {
      "value": ""
    },
    "destroyAnyBlock": false,
    "immuneToFire": true,
    "stayInGridWhenCrafting": false,
    "damageOnCrafting": false,
    "enableMeleeDamage": false,
    "damageVsEntity": 5.0,
    "specialInformation": {
      "fixedValue": []
    },
    "guiBoundTo": "Arcanestaffgui",
    "inventorySize": 1,
    "inventoryStackSize": 64,
    "onItemInUseTick": {
      "name": "ArcanestaffDangWuPinZaiShouShangMeiKeFaSheng"
    },
    "onEntitySwing": {
      "name": "ArcanestaffDangYouJianDianJiKongQiShiShiTiDeWeiZhi"
    },
    "enableRanged": false,
    "shootConstantly": false,
    "rangedItemChargesPower": false,
    "projectileDisableAmmoCheck": false,
    "isFood": false,
    "nutritionalValue": 4,
    "saturation": 0.3,
    "eatResultItem": {
      "value": ""
    },
    "isMeat": false,
    "isAlwaysEdible": false,
    "animation": "eat"
  }
}