{
  "_fv": 69,
  "_type": "gui",
  "definition": {
    "type": 0,
    "width": 292,
    "height": 180,
    "inventoryOffsetX": 0,
    "inventoryOffsetY": 0,
    "renderBgLayer": false,
    "doesPauseGame": false,
    "components": [
      {
        "type": "image",
        "data": {
          "image": "tutorial_book.png",
          "use1Xscale": false,
          "x": 67,
          "y": 30
        }
      },
      {
        "type": "imagebutton",
        "data": {
          "name": "imagebutton_back_arrow",
          "image": "back_arrow.png",
          "hoveredImage": "back_arrow_activated.png",
          "onClick": {
            "name": "OpenCombatBookGui3"
          },
          "x": 67,
          "y": 210
        }
      },
      {
        "type": "imagebutton",
        "data": {
          "name": "imagebutton_next_arrow",
          "image": "next_arrow.png",
          "hoveredImage": "next_arrow_activate.png",
          "x": 341,
          "y": 210
        }
      },
      {
        "type": "imagebutton",
        "data": {
          "name": "imagebutton_home_button",
          "image": "home_button.png",
          "hoveredImage": "home_button_activated.png",
          "onClick": {
            "name": "OpenCombatBookGuiCatalog1"
          },
          "x": 205,
          "y": 210
        }
      },
      {
        "type": "label",
        "data": {
          "name": "label_right_click_and",
          "text": {
            "fixedValue": "Right click and"
          },
          "color": {
            "value": -12829636,
            "falpha": 0.0
          },
          "x": 82,
          "y": 45
        }
      },
      {
        "type": "label",
        "data": {
          "name": "label_longpress_in_axe_mode",
          "text": {
            "fixedValue": "long-press in axe mode"
          },
          "color": {
            "value": -12829636,
            "falpha": 0.0
          },
          "x": 81,
          "y": 57
        }
      },
      {
        "type": "label",
        "data": {
          "name": "label_to_consume_fuel_to",
          "text": {
            "fixedValue": "to consume fuel to"
          },
          "color": {
            "value": -12829636,
            "falpha": 0.0
          },
          "x": 81,
          "y": 69
        }
      },
      {
        "type": "label",
        "data": {
          "name": "label_launch_sword_energy_to",
          "text": {
            "fixedValue": "launch sword energy to"
          },
          "color": {
            "value": -12829636,
            "falpha": 0.0
          },
          "x": 81,
          "y": 81
        }
      },
      {
        "type": "label",
        "data": {
          "name": "label_ignite_enemies",
          "text": {
            "fixedValue": "ignite enemies"
          },
          "color": {
            "value": -12829636,
            "falpha": 0.0
          },
          "x": 81,
          "y": 93
        }
      },
      {
        "type": "label",
        "data": {
          "name": "label_recipe",
          "text": {
            "fixedValue": "recipe:"
          },
          "color": {
            "value": -12829636,
            "falpha": 0.0
          },
          "x": 81,
          "y": 105
        }
      },
      {
        "type": "label",
        "data": {
          "name": "label_bp_bi_bs",
          "text": {
            "fixedValue": "BP BI BS"
          },
          "color": {
            "value": -12829636,
            "falpha": 0.0
          },
          "x": 124,
          "y": 105
        }
      },
      {
        "type": "label",
        "data": {
          "name": "label_n_f_n",
          "text": {
            "fixedValue": "N  F   N"
          },
          "color": {
            "value": -12829636,
            "falpha": 0.0
          },
          "x": 125,
          "y": 117
        }
      },
      {
        "type": "label",
        "data": {
          "name": "label_r_ia_r",
          "text": {
            "fixedValue": "R  IA  R"
          },
          "color": {
            "value": -12829636,
            "falpha": 0.0
          },
          "x": 125,
          "y": 129
        }
      },
      {
        "type": "label",
        "data": {
          "name": "label_bpblaze_powder",
          "text": {
            "fixedValue": "BP=Blaze Powder"
          },
          "color": {
            "value": -12829636,
            "falpha": 0.0
          },
          "x": 82,
          "y": 142
        }
      },
      {
        "type": "label",
        "data": {
          "name": "label_biblock_of_iron",
          "text": {
            "fixedValue": "BI=Block of Iron"
          },
          "color": {
            "value": -12829636,
            "falpha": 0.0
          },
          "x": 82,
          "y": 154
        }
      },
      {
        "type": "label",
        "data": {
          "name": "label_bsblackstone",
          "text": {
            "fixedValue": "BS=Blackstone"
          },
          "color": {
            "value": -12829636,
            "falpha": 0.0
          },
          "x": 82,
          "y": 166
        }
      },
      {
        "type": "label",
        "data": {
          "name": "label_nnether_bricks",
          "text": {
            "fixedValue": "N=Nether Bricks"
          },
          "color": {
            "value": -12829636,
            "falpha": 0.0
          },
          "x": 82,
          "y": 178
        }
      },
      {
        "type": "label",
        "data": {
          "name": "label_fblock_of_flame_emerald",
          "text": {
            "fixedValue": "F=Block of Flame Emerald"
          },
          "color": {
            "value": -12829636,
            "falpha": 0.0
          },
          "x": 226,
          "y": 45
        }
      },
      {
        "type": "label",
        "data": {
          "name": "label_rred_stained_glass",
          "text": {
            "fixedValue": "R=Red Stained Glass"
          },
          "color": {
            "value": -12829636,
            "falpha": 0.0
          },
          "x": 226,
          "y": 57
        }
      },
      {
        "type": "label",
        "data": {
          "name": "label_iairon_axe",
          "text": {
            "fixedValue": "IA=Iron Axe"
          },
          "color": {
            "value": -12829636,
            "falpha": 0.0
          },
          "x": 227,
          "y": 69
        }
      },
      {
        "type": "label",
        "data": {
          "name": "label_recipe1",
          "text": {
            "fixedValue": "recipe:"
          },
          "color": {
            "value": -12829636,
            "falpha": 0.0
          },
          "x": 226,
          "y": 81
        }
      },
      {
        "type": "label",
        "data": {
          "name": "label_b_b_b",
          "text": {
            "fixedValue": "B B B"
          },
          "color": {
            "value": -12829636,
            "falpha": 0.0
          },
          "x": 264,
          "y": 81
        }
      },
      {
        "type": "label",
        "data": {
          "name": "label_b_b_b1",
          "text": {
            "fixedValue": "B B B"
          },
          "color": {
            "value": -12829636,
            "falpha": 0.0
          },
          "x": 264,
          "y": 105
        }
      },
      {
        "type": "label",
        "data": {
          "name": "label_b_e_b",
          "text": {
            "fixedValue": "B E B"
          },
          "color": {
            "value": -12829636,
            "falpha": 0.0
          },
          "x": 264,
          "y": 93
        }
      },
      {
        "type": "label",
        "data": {
          "name": "label_bblaze_powder",
          "text": {
            "fixedValue": "B=Blaze Powder"
          },
          "color": {
            "value": -12829636,
            "falpha": 0.0
          },
          "x": 227,
          "y": 117
        }
      },
      {
        "type": "label",
        "data": {
          "name": "label_eblock_of_emerald",
          "text": {
            "fixedValue": "E=Block of Emerald"
          },
          "color": {
            "value": -12829636,
            "falpha": 0.0
          },
          "x": 227,
          "y": 129
        }
      }
    ],
    "gridSettings": {
      "sx": 18,
      "sy": 18,
      "ox": 11,
      "oy": 15,
      "snapOnGrid": false
    }
  }
}