{
  "_fv": 69,
  "_type": "recipe",
  "definition": {
    "recipeType": "Crafting",
    "recipeRetstackSize": 1,
    "group": "",
    "cookingBookCategory": "MISC",
    "xpReward": 0.0,
    "cookingTime": 200,
    "craftingBookCategory": "EQUIPMENT",
    "recipeShapeless": true,
    "recipeSlots": [
      {
        "value": "CUSTOM:ConstantanPickaxe"
      },
      {
        "value": "CUSTOM:ConstantanAxe"
      },
      {
        "value": "CUSTOM:ConstantanShovel"
      },
      {
        "value": "CUSTOM:ConstantanHoe"
      },
      {
        "value": ""
      },
      {
        "value": ""
      },
      {
        "value": ""
      },
      {
        "value": ""
      },
      {
        "value": ""
      }
    ],
    "recipeReturnStack": {
      "value": "CUSTOM:ConstantanMulti"
    },
    "name": "constantan_multi_recipe",
    "namespace": "mod"
  }
}