{
  "_fv": 69,
  "_type": "recipe",
  "definition": {
    "recipeType": "Campfire cooking",
    "recipeRetstackSize": 1,
    "group": "",
    "cookingBookCategory": "FOOD",
    "xpReward": 0.30000000000000004,
    "cookingTime": 600,
    "craftingBookCategory": "EQUIPMENT",
    "recipeShapeless": false,
    "campfireCookingInputStack": {
      "value": "CUSTOM:FloaterMeat"
    },
    "campfireCookingReturnStack": {
      "value": "CUSTOM:CookedFloaterMeat"
    },
    "name": "cooked_floater_meat_campfire_recipe",
    "namespace": "mod"
  }
}