{
  "_fv": 69,
  "_type": "recipe",
  "definition": {
    "recipeType": "Smelting",
    "recipeRetstackSize": 1,
    "group": "",
    "cookingBookCategory": "FOOD",
    "xpReward": 0.3,
    "cookingTime": 200,
    "craftingBookCategory": "MISC",
    "recipeShapeless": false,
    "smeltingInputStack": {
      "value": "CUSTOM:FloaterMeat"
    },
    "smeltingReturnStack": {
      "value": "CUSTOM:CookedFloaterMeat"
    },
    "name": "cooked_floater_meat_smelt_recipe",
    "namespace": "mod"
  }
}