{
  "_fv": 69,
  "_type": "recipe",
  "definition": {
    "recipeType": "Smoking",
    "recipeRetstackSize": 1,
    "group": "",
    "cookingBookCategory": "FOOD",
    "xpReward": 0.5,
    "cookingTime": 100,
    "craftingBookCategory": "MISC",
    "recipeShapeless": false,
    "smokingInputStack": {
      "value": "CUSTOM:StepperFoot"
    },
    "smokingReturnStack": {
      "value": "CUSTOM:CookedStepperFoot"
    },
    "name": "cooked_stepper_foot_smoking_recipe",
    "namespace": "mod"
  }
}