{
  "_fv": 66,
  "_type": "dimension",
  "definition": {
    "biomesInDimension": [
      {
        "value": "CUSTOM:AtlantisOcean"
      }
    ],
    "worldGenType": "Nether like gen",
    "mainFillerBlock": {
      "value": "Blocks.WATER"
    },
    "fluidBlock": {
      "value": "Blocks.FIRE_CORAL_BLOCK"
    },
    "canRespawnHere": true,
    "hasFog": false,
    "isDark": false,
    "doesWaterVaporize": false,
    "sleepResult": "ALLOW",
    "hasSkyLight": true,
    "imitateOverworldBehaviour": true,
    "portalFrame": {
      "value": ""
    },
    "portalParticles": {
      "value": "PORTAL"
    },
    "portalLuminance": 0,
    "portalSound": {
      "value": "block.portal.ambient"
    },
    "enableIgniter": true,
    "igniterName": "Atlantis Portal Igniter",
    "igniterRarity": "COMMON",
    "specialInformation": {
      "fixedValue": []
    },
    "creativeTabs": [
      {
        "value": "TOOLS"
      }
    ],
    "texture": "",
    "portalTexture": "",
    "enablePortal": false
  }
}