{
  "_fv": 66,
  "_type": "gui",
  "definition": {
    "type": 0,
    "width": 292,
    "height": 180,
    "inventoryOffsetX": 0,
    "inventoryOffsetY": 0,
    "renderBgLayer": false,
    "doesPauseGame": false,
    "components": [
      {
        "type": "image",
        "data": {
          "image": "tutorial_book.png",
          "use1Xscale": false,
          "x": 67,
          "y": 30
        }
      },
      {
        "type": "imagebutton",
        "data": {
          "name": "imagebutton_back_arrow",
          "image": "back_arrow.png",
          "hoveredImage": "back_arrow_activated.png",
          "onClick": {
            "name": "OpenBlessBookGui12"
          },
          "x": 67,
          "y": 210
        }
      },
      {
        "type": "imagebutton",
        "data": {
          "name": "imagebutton_next_arrow",
          "image": "next_arrow.png",
          "hoveredImage": "next_arrow_activate.png",
          "onClick": {
            "name": "OpenBlessBookGui14"
          },
          "x": 341,
          "y": 210
        }
      },
      {
        "type": "imagebutton",
        "data": {
          "name": "imagebutton_home_button",
          "image": "home_button.png",
          "hoveredImage": "home_button_activated.png",
          "onClick": {
            "name": "OpenBlessBookGui1"
          },
          "x": 205,
          "y": 210
        }
      },
      {
        "type": "label",
        "data": {
          "name": "label_faith_points_divided",
          "text": {
            "fixedValue": "(faith points divided"
          },
          "color": {
            "value": -12829636,
            "falpha": 0.0
          },
          "x": 81,
          "y": 45
        }
      },
      {
        "type": "label",
        "data": {
          "name": "label_by_2ticks_increase",
          "text": {
            "fixedValue": "by 2)ticks increase"
          },
          "color": {
            "value": -12829636,
            "falpha": 0.0
          },
          "x": 83,
          "y": 57
        }
      },
      {
        "type": "label",
        "data": {
          "name": "label_blue_consumption_faith",
          "text": {
            "fixedValue": "blue consumption faith"
          },
          "color": {
            "value": -12829636,
            "falpha": 0.0
          },
          "x": 82,
          "y": 69
        }
      },
      {
        "type": "label",
        "data": {
          "name": "label_points_001",
          "text": {
            "fixedValue": "points * 0.01"
          },
          "color": {
            "value": -12829636,
            "falpha": 0.0
          },
          "x": 83,
          "y": 81
        }
      },
      {
        "type": "label",
        "data": {
          "name": "label_16bless_can_be",
          "text": {
            "fixedValue": "16.Bless can be"
          },
          "color": {
            "value": -12829636,
            "falpha": 0.0
          },
          "x": 226,
          "y": 45
        }
      },
      {
        "type": "label",
        "data": {
          "name": "label_triggered_directly_by",
          "text": {
            "fixedValue": "triggered directly by"
          },
          "color": {
            "value": -12829636,
            "falpha": 0.0
          },
          "x": 226,
          "y": 57
        }
      },
      {
        "type": "label",
        "data": {
          "name": "label_commandthis_method",
          "text": {
            "fixedValue": "command,this method"
          },
          "color": {
            "value": -12829636,
            "falpha": 0.0
          },
          "x": 226,
          "y": 69
        }
      },
      {
        "type": "label",
        "data": {
          "name": "label_does_not_require_sing",
          "text": {
            "fixedValue": "does not require sing"
          },
          "color": {
            "value": -12829636,
            "falpha": 0.0
          },
          "x": 226,
          "y": 81
        }
      },
      {
        "type": "label",
        "data": {
          "name": "label_and_does_not_require",
          "text": {
            "fixedValue": "and does not require"
          },
          "color": {
            "value": -12829636,
            "falpha": 0.0
          },
          "x": 227,
          "y": 93
        }
      },
      {
        "type": "label",
        "data": {
          "name": "label_holding_bless_item",
          "text": {
            "fixedValue": "holding bless item"
          },
          "color": {
            "value": -12829636,
            "falpha": 0.0
          },
          "x": 227,
          "y": 105
        }
      },
      {
        "type": "label",
        "data": {
          "name": "label_need_bless_item_in_the",
          "text": {
            "fixedValue": "(need bless item in the"
          },
          "color": {
            "value": -12829636,
            "falpha": 0.0
          },
          "x": 226,
          "y": 117
        }
      },
      {
        "type": "label",
        "data": {
          "name": "label_inventoryif_your_own",
          "text": {
            "fixedValue": "Inventory),if your own"
          },
          "color": {
            "value": -12829636,
            "falpha": 0.0
          },
          "x": 226,
          "y": 129
        }
      },
      {
        "type": "label",
        "data": {
          "name": "label_well_wisher_level_is_1",
          "text": {
            "fixedValue": "well wisher level is 1"
          },
          "color": {
            "value": -12829636,
            "falpha": 0.0
          },
          "x": 226,
          "y": 143
        }
      },
      {
        "type": "label",
        "data": {
          "name": "label_level_higher_than_well",
          "text": {
            "fixedValue": "level higher than well"
          },
          "color": {
            "value": -12829636,
            "falpha": 0.0
          },
          "x": 227,
          "y": 155
        }
      },
      {
        "type": "label",
        "data": {
          "name": "label_wisher_required_level",
          "text": {
            "fixedValue": "wisher required level"
          },
          "color": {
            "value": -12829636,
            "falpha": 0.0
          },
          "x": 227,
          "y": 166
        }
      },
      {
        "type": "label",
        "data": {
          "name": "label_for_blesslevel_5_bless",
          "text": {
            "fixedValue": "for bless(level 5 bless"
          },
          "color": {
            "value": -12829636,
            "falpha": 0.0
          },
          "x": 226,
          "y": 178
        }
      }
    ],
    "gridSettings": {
      "sx": 18,
      "sy": 18,
      "ox": 11,
      "oy": 15,
      "snapOnGrid": false
    }
  }
}