{
  "_fv": 66,
  "_type": "gui",
  "definition": {
    "type": 0,
    "width": 292,
    "height": 180,
    "inventoryOffsetX": 0,
    "inventoryOffsetY": 0,
    "renderBgLayer": false,
    "doesPauseGame": false,
    "components": [
      {
        "type": "image",
        "data": {
          "image": "tutorial_book.png",
          "use1Xscale": false,
          "x": 67,
          "y": 30
        }
      },
      {
        "type": "imagebutton",
        "data": {
          "name": "imagebutton_back_arrow",
          "image": "back_arrow.png",
          "hoveredImage": "back_arrow_activated.png",
          "onClick": {
            "name": "OpenBossBookGui2"
          },
          "x": 67,
          "y": 210
        }
      },
      {
        "type": "imagebutton",
        "data": {
          "name": "imagebutton_next_arrow",
          "image": "next_arrow.png",
          "hoveredImage": "next_arrow_activate.png",
          "onClick": {
            "name": "OpenBossBookGui4"
          },
          "x": 341,
          "y": 210
        }
      },
      {
        "type": "imagebutton",
        "data": {
          "name": "imagebutton_home_button",
          "image": "home_button.png",
          "hoveredImage": "home_button_activated.png",
          "onClick": {
            "name": "OpenBossBookGui1"
          },
          "x": 205,
          "y": 210
        }
      },
      {
        "type": "label",
        "data": {
          "name": "label_drop_experience500",
          "text": {
            "fixedValue": "drop experience500"
          },
          "color": {
            "value": -12829636,
            "falpha": 0.0
          },
          "x": 82,
          "y": 45
        }
      },
      {
        "type": "label",
        "data": {
          "name": "label_tracking_range64",
          "text": {
            "fixedValue": "tracking range64"
          },
          "color": {
            "value": -12829636,
            "falpha": 0.0
          },
          "x": 82,
          "y": 57
        }
      },
      {
        "type": "label",
        "data": {
          "name": "label_attack_strength34",
          "text": {
            "fixedValue": "attack strength3+4"
          },
          "color": {
            "value": -12829636,
            "falpha": 0.0
          },
          "x": 82,
          "y": 69
        }
      },
      {
        "type": "label",
        "data": {
          "name": "label_armor_value",
          "text": {
            "fixedValue": "armor value0+10"
          },
          "color": {
            "value": -12829636,
            "falpha": 0.0
          },
          "x": 83,
          "y": 81
        }
      },
      {
        "type": "label",
        "data": {
          "name": "label_attack_knockback0",
          "text": {
            "fixedValue": "attack knockback0"
          },
          "color": {
            "value": -12829636,
            "falpha": 0.0
          },
          "x": 83,
          "y": 93
        }
      },
      {
        "type": "label",
        "data": {
          "name": "label_knockback_resistance",
          "text": {
            "fixedValue": "knockback resistance0"
          },
          "color": {
            "value": -12829636,
            "falpha": 0.0
          },
          "x": 82,
          "y": 105
        }
      },
      {
        "type": "label",
        "data": {
          "name": "label_immunitiesfire",
          "text": {
            "fixedValue": "immunities:fire"
          },
          "color": {
            "value": -12829636,
            "falpha": 0.0
          },
          "x": 82,
          "y": 117
        }
      },
      {
        "type": "label",
        "data": {
          "name": "label_fall_damagecactus",
          "text": {
            "fixedValue": "Fall damage,Cactus"
          },
          "color": {
            "value": -12829636,
            "falpha": 0.0
          },
          "x": 82,
          "y": 129
        }
      },
      {
        "type": "label",
        "data": {
          "name": "label_drowning",
          "text": {
            "fixedValue": "Drowning"
          },
          "color": {
            "value": -12829636,
            "falpha": 0.0
          },
          "x": 83,
          "y": 142
        }
      },
      {
        "type": "label",
        "data": {
          "name": "label_close_combat_boss",
          "text": {
            "fixedValue": "Close Combat boss"
          },
          "color": {
            "value": -12829636,
            "falpha": 0.0
          },
          "x": 83,
          "y": 154
        }
      },
      {
        "type": "label",
        "data": {
          "name": "label_gain_60_ticks_of_speed_ii",
          "text": {
            "fixedValue": "Gain 60 ticks of Speed II"
          },
          "color": {
            "value": -12829636,
            "falpha": 0.0
          },
          "x": 83,
          "y": 166
        }
      },
      {
        "type": "label",
        "data": {
          "name": "label_and_haste_ii_when_be",
          "text": {
            "fixedValue": "and Haste II when be"
          },
          "color": {
            "value": -12829636,
            "falpha": 0.0
          },
          "x": 81,
          "y": 178
        }
      },
      {
        "type": "label",
        "data": {
          "name": "label_attacked",
          "text": {
            "fixedValue": "attacked"
          },
          "color": {
            "value": -12829636,
            "falpha": 0.0
          },
          "x": 228,
          "y": 45
        }
      },
      {
        "type": "label",
        "data": {
          "name": "label_gain_strength_ii_below",
          "text": {
            "fixedValue": "Gain Strength II below"
          },
          "color": {
            "value": -12829636,
            "falpha": 0.0
          },
          "x": 226,
          "y": 57
        }
      },
      {
        "type": "label",
        "data": {
          "name": "label_50_health",
          "text": {
            "fixedValue": "50 health"
          },
          "color": {
            "value": -12829636,
            "falpha": 0.0
          },
          "x": 227,
          "y": 69
        }
      },
      {
        "type": "label",
        "data": {
          "name": "label_right_click_it_will",
          "text": {
            "fixedValue": "Right click it will"
          },
          "color": {
            "value": -12829636,
            "falpha": 0.0
          },
          "x": 227,
          "y": 81
        }
      },
      {
        "type": "label",
        "data": {
          "name": "label_send_a_message",
          "text": {
            "fixedValue": "send a message"
          },
          "color": {
            "value": -12829636,
            "falpha": 0.0
          },
          "x": 227,
          "y": 93
        }
      },
      {
        "type": "label",
        "data": {
          "name": "label_one_percent_chance_of",
          "text": {
            "fixedValue": "One percent chance of"
          },
          "color": {
            "value": -12829636,
            "falpha": 0.0
          },
          "x": 226,
          "y": 105
        }
      },
      {
        "type": "label",
        "data": {
          "name": "label_release_every_tick_of",
          "text": {
            "fixedValue": "release every tick of"
          },
          "color": {
            "value": -12829636,
            "falpha": 0.0
          },
          "x": 226,
          "y": 117
        }
      },
      {
        "type": "label",
        "data": {
          "name": "label_collision_with_it",
          "text": {
            "fixedValue": "collision with it"
          },
          "color": {
            "value": -12829636,
            "falpha": 0.0
          },
          "x": 226,
          "y": 129
        }
      },
      {
        "type": "label",
        "data": {
          "name": "label_50_health_or_more_cause",
          "text": {
            "fixedValue": "50 health or more cause"
          },
          "color": {
            "value": -12829636,
            "falpha": 0.0
          },
          "x": 226,
          "y": 142
        }
      },
      {
        "type": "label",
        "data": {
          "name": "label_level_1_slowness_effect",
          "text": {
            "fixedValue": "level 1 slowness effect"
          },
          "color": {
            "value": -12829636,
            "falpha": 0.0
          },
          "x": 226,
          "y": 154
        }
      },
      {
        "type": "label",
        "data": {
          "name": "label_lasting_60_ticks",
          "text": {
            "fixedValue": "lasting 60 ticks"
          },
          "color": {
            "value": -12829636,
            "falpha": 0.0
          },
          "x": 226,
          "y": 166
        }
      },
      {
        "type": "label",
        "data": {
          "name": "label_50_health_below_the",
          "text": {
            "fixedValue": "50 health below the"
          },
          "color": {
            "value": -12829636,
            "falpha": 0.0
          },
          "x": 226,
          "y": 178
        }
      }
    ],
    "gridSettings": {
      "sx": 18,
      "sy": 18,
      "ox": 11,
      "oy": 15,
      "snapOnGrid": false
    }
  }
}