{
  "_fv": 66,
  "_type": "tool",
  "definition": {
    "toolType": "Shears",
    "renderType": 0,
    "blockingRenderType": 0,
    "texture": "bronze_shears",
    "customModelName": "Normal",
    "blockingModelName": "Normal blocking",
    "name": "Bronze Shears",
    "specialInformation": {
      "fixedValue": [],
      "name": "BronzeToolSpecialInformation"
    },
    "creativeTabs": [
      {
        "value": "CUSTOM:Dongdongtool"
      }
    ],
    "efficiency": 6.0,
    "attackSpeed": 1.0,
    "enchantability": 14,
    "damageVsEntity": 4.0,
    "usageCount": 250,
    "glowCondition": {
      "fixedValue": false
    },
    "repairItems": [],
    "immuneToFire": false,
    "blockDropsTier": "STONE",
    "blocksAffected": [],
    "stayInGridWhenCrafting": true,
    "damageOnCrafting": true,
    "onEntityHitWith": {
      "name": "BronzeAxeDangShiTiBeiGongJuJiZhongShi"
    }
  }
}