{
  "_fv": 66,
  "_type": "tool",
  "definition": {
    "toolType": "Pickaxe",
    "renderType": 0,
    "blockingRenderType": 0,
    "texture": "cobalt_pickaxe",
    "customModelName": "Normal",
    "blockingModelName": "Normal blocking",
    "name": "Cobalt Pickaxe",
    "specialInformation": {
      "fixedValue": [],
      "name": "CobaltToolSpecialInformation"
    },
    "creativeTabs": [
      {
        "value": "CUSTOM:Dongdongtool"
      }
    ],
    "efficiency": 9.0,
    "attackSpeed": 8.0,
    "enchantability": 28,
    "damageVsEntity": 0.4,
    "usageCount": 660,
    "glowCondition": {
      "fixedValue": false
    },
    "repairItems": [
      {
        "value": "CUSTOM:Guding"
      }
    ],
    "immuneToFire": false,
    "blockDropsTier": "NETHERITE",
    "blocksAffected": [],
    "stayInGridWhenCrafting": false,
    "damageOnCrafting": false,
    "onBlockDestroyedWithTool": {
      "name": "CobaltAxeDangFangKuaiBeiGongJuPoPi"
    }
  }
}