{
  "_fv": 66,
  "_type": "tool",
  "definition": {
    "toolType": "Sword",
    "renderType": 0,
    "blockingRenderType": 0,
    "texture": "constantan_sword",
    "customModelName": "Normal",
    "blockingModelName": "Normal blocking",
    "name": "Constantan Sword",
    "specialInformation": {
      "fixedValue": [],
      "name": "ConstantanToolSpecialInformation"
    },
    "creativeTabs": [
      {
        "value": "CUSTOM:Dongdongsword"
      }
    ],
    "efficiency": 6.0,
    "attackSpeed": 1.6,
    "enchantability": 14,
    "damageVsEntity": 6.6,
    "usageCount": 250,
    "glowCondition": {
      "fixedValue": false
    },
    "repairItems": [
      {
        "value": "CUSTOM:ConstantanIngot"
      }
    ],
    "immuneToFire": false,
    "blockDropsTier": "IRON",
    "blocksAffected": [],
    "stayInGridWhenCrafting": false,
    "damageOnCrafting": false,
    "onEntityHitWith": {
      "name": "ConstantanHoeDangShiTiBeiGongJuJiZhongShi"
    }
  }
}