{
  "_fv": 66,
  "_type": "item",
  "definition": {
    "renderType": 0,
    "texture": "acid_sugar",
    "customModelName": "Normal",
    "customProperties": {},
    "states": [],
    "name": "Acid Sugar",
    "rarity": "COMMON",
    "creativeTabs": [
      {
        "value": "CUSTOM:Dodongdongfood"
      }
    ],
    "stackSize": 64,
    "enchantability": 0,
    "useDuration": 10,
    "toolType": 1.0,
    "damageCount": 0,
    "recipeRemainder": {
      "value": ""
    },
    "destroyAnyBlock": false,
    "immuneToFire": false,
    "stayInGridWhenCrafting": false,
    "damageOnCrafting": false,
    "enableMeleeDamage": false,
    "damageVsEntity": 0.0,
    "specialInformation": {
      "fixedValue": []
    },
    "guiBoundTo": "<NONE>",
    "inventorySize": 9,
    "inventoryStackSize": 64,
    "onFinishUsingItem": {
      "name": "AcidSugarWanJiaWanChengShiYongWuPinShi"
    },
    "enableRanged": false,
    "shootConstantly": false,
    "rangedItemChargesPower": false,
    "isFood": true,
    "nutritionalValue": 1,
    "saturation": 0.19999999999999998,
    "eatResultItem": {
      "value": ""
    },
    "isMeat": false,
    "isAlwaysEdible": false,
    "animation": "eat"
  }
}