{
  "_fv": 69,
  "_type": "livingentity",
  "definition": {
    "mobName": "Blockat",
    "mobLabel": "",
    "mobModelName": "Modelblockat",
    "mobModelTexture": "blockat.png",
    "transparentModelCondition": {
      "fixedValue": false
    },
    "isShakingCondition": {
      "fixedValue": false
    },
    "solidBoundingBox": {
      "fixedValue": false
    },
    "visualScale": {
      "fixedValue": 1.0,
      "name": "BlockatModelVisualScale"
    },
    "boundingBoxScale": {
      "fixedValue": 1.0,
      "name": "BlockatModelVisualScale"
    },
    "modelLayers": [
      {
        "model": "Default",
        "texture": "blockat_saddle.png",
        "disableHurtOverlay": true,
        "glow": false,
        "condition": {
          "name": "BlockatDisplayCondition"
        }
      }
    ],
    "modelWidth": 0.7999999999999999,
    "modelHeight": 0.30000000000000004,
    "modelShadowSize": 0.4,
    "mountedYOffset": 0.0,
    "hasSpawnEgg": true,
    "spawnEggBaseColor": {
      "value": -16777216,
      "falpha": 0.0
    },
    "spawnEggDotColor": {
      "value": -1650852,
      "falpha": 0.0
    },
    "creativeTabs": [
      {
        "value": "CUSTOM:Shengchengdan"
      }
    ],
    "isBoss": false,
    "bossBarColor": "PINK",
    "bossBarType": "PROGRESS",
    "equipmentMainHand": {
      "value": ""
    },
    "equipmentOffHand": {
      "value": ""
    },
    "equipmentHelmet": {
      "value": ""
    },
    "equipmentBody": {
      "value": ""
    },
    "equipmentLeggings": {
      "value": ""
    },
    "equipmentBoots": {
      "value": ""
    },
    "mobBehaviourType": "Mob",
    "mobCreatureType": "UNDEFINED",
    "attackStrength": 2,
    "attackKnockback": 0.0,
    "knockbackResistance": 0.0,
    "movementSpeed": 0.3,
    "stepHeight": 0.6,
    "armorBaseValue": 0.0,
    "trackingRange": 64,
    "followRange": 32,
    "health": 22,
    "xpAmount": 10,
    "waterMob": false,
    "breatheUnderwater": {
      "fixedValue": false
    },
    "pushedByFluids": {
      "fixedValue": true
    },
    "flyingMob": true,
    "guiBoundTo": "<NONE>",
    "inventorySize": 9,
    "inventoryStackSize": 64,
    "disableCollisions": false,
    "ridable": true,
    "canControlForward": false,
    "canControlStrafe": false,
    "immuneToFire": false,
    "immuneToArrows": false,
    "immuneToFallDamage": false,
    "immuneToCactus": false,
    "immuneToDrowning": false,
    "immuneToLightning": false,
    "immuneToPotions": false,
    "immuneToPlayer": false,
    "immuneToExplosion": false,
    "immuneToTrident": false,
    "immuneToAnvil": false,
    "immuneToWither": false,
    "immuneToDragonBreath": false,
    "mobDrop": {
      "value": ""
    },
    "livingSound": {
      "value": ""
    },
    "hurtSound": {
      "value": "CUSTOM:entity.blockat.hurt"
    },
    "deathSound": {
      "value": "CUSTOM:entity.blockat.death"
    },
    "stepSound": {
      "value": ""
    },
    "raidCelebrationSound": {
      "value": ""
    },
    "entityDataEntries": [
      {
        "min": -2147483648,
        "max": 2147483647,
        "name": "level",
        "type": "integer",
        "value": 0
      },
      {
        "min": -2147483648,
        "max": 2147483647,
        "name": "grabCD",
        "type": "integer",
        "value": 0
      },
      {
        "min": -2147483648,
        "max": 2147483647,
        "name": "lifestealCD",
        "type": "integer",
        "value": 0
      },
      {
        "min": -2147483648,
        "max": 2147483647,
        "name": "grabCDMax",
        "type": "integer",
        "value": 0
      },
      {
        "min": -2147483648,
        "max": 2147483647,
        "name": "lifestealCDMax",
        "type": "integer",
        "value": 0
      },
      {
        "min": -2147483648,
        "max": 2147483647,
        "name": "experience",
        "type": "integer",
        "value": 0
      },
      {
        "name": "saddle",
        "type": "logic",
        "value": false
      }
    ],
    "whenMobDies": {
      "name": "BlockatEntityDies"
    },
    "onRightClickedOn": {
      "name": "BlockatRightClickedOnEntity"
    },
    "onMobTickUpdate": {
      "name": "BlockatOnEntityTickUpdate"
    },
    "onInitialSpawn": {
      "name": "BlockatOnInitialEntitySpawn"
    },
    "hasAI": true,
    "aiBase": "(none)",
    "aixml": "<xml xmlns=\"https://developers.google.com/blockly/xml\"><block type=\"aitasks_container\" deletable=\"false\" x=\"40\" y=\"52\"><next><block type=\"breed\"><field name=\"speed\">1</field><field name=\"condition\">null,null</field><next><block type=\"attack_entity\"><field name=\"insight\">FALSE</field><field name=\"nearby\">FALSE</field><field name=\"entity\">CUSTOM:Floater</field><field name=\"condition\">null,null</field><next><block type=\"attack_action\"><field name=\"callhelp\">TRUE</field><field name=\"condition\">null,null</field><next><block type=\"attack_with_range\"><field name=\"speed\">2.4</field><field name=\"range\">2</field><field name=\"longmemory\">FALSE</field><field name=\"condition\">BlockatReachProcedure,BlockatReachProcedure</field><next><block type=\"attack_on_collide\"><field name=\"speed\">2.4</field><field name=\"longmemory\">FALSE</field><field name=\"condition\">null,null</field><next><block type=\"attack_fly\"><field name=\"radius\">16</field><field name=\"speed\">2</field><field name=\"condition\">null,null</field><next><block type=\"follow_item_in_hands\"><field name=\"speed\">1</field><field name=\"scared\">FALSE</field><field name=\"condition\">null,null</field><value name=\"item\"><block type=\"mcitem_all\"><field name=\"value\">CUSTOM:FloaterMeatOnAStick</field></block></value><next><block type=\"follow_item_in_hands\"><field name=\"speed\">1</field><field name=\"scared\">FALSE</field><field name=\"condition\">null,null</field><value name=\"item\"><block type=\"mcitem_all\"><field name=\"value\">CUSTOM:FloaterMeat</field></block></value><next><block type=\"follow_parent\"><field name=\"speed\">0.8</field><field name=\"condition\">null,null</field><next><block type=\"fly\"><field name=\"speed\">1.6</field><field name=\"condition\">null,null</field><next><block type=\"look_around\"><field name=\"condition\">null,null</field></block></next></block></next></block></next></block></next></block></next></block></next></block></next></block></next></block></next></block></next></block></next></block></xml>",
    "breedable": true,
    "tameable": false,
    "breedTriggerItems": [
      {
        "value": "CUSTOM:FloaterMeat"
      }
    ],
    "ranged": false,
    "rangedAttackItem": {
      "value": ""
    },
    "rangedItemType": "Default item",
    "rangedAttackInterval": 20,
    "rangedAttackRadius": 10.0,
    "spawnThisMob": true,
    "doesDespawnWhenIdle": true,
    "spawningProbability": 20,
    "mobSpawningType": "monster",
    "minNumberOfMobsPerGroup": 1,
    "maxNumberOfMobsPerGroup": 2,
    "restrictionBiomes": [
      {
        "value": "CUSTOM:EverlandPlain"
      }
    ],
    "spawnInDungeons": false,
    "raidSpawnsCount": [
      4,
      3,
      3,
      4,
      4,
      4,
      2
    ]
  }
}