{
  "_fv": 69,
  "_type": "projectile",
  "definition": {
    "projectileItem": {
      "value": "CUSTOM:BlockyArrow"
    },
    "showParticles": true,
    "actionSound": {
      "value": "entity.arrow.shoot"
    },
    "igniteFire": false,
    "power": 1.0,
    "damage": 1.0,
    "knockback": 1,
    "entityModel": "Modelarrow",
    "customModelTexture": "blocky_arrow_projectile.png",
    "modelWidth": 0.5,
    "modelHeight": 0.5,
    "onHitsEntity": {
      "name": "BlockyClawLivingEntityIsHitWithItem"
    }
  }
}