{
  "_fv": 69,
  "_type": "gui",
  "definition": {
    "type": 0,
    "width": 292,
    "height": 180,
    "inventoryOffsetX": 0,
    "inventoryOffsetY": 0,
    "renderBgLayer": false,
    "doesPauseGame": false,
    "components": [
      {
        "type": "image",
        "data": {
          "image": "tutorial_book.png",
          "use1Xscale": false,
          "x": 67,
          "y": 30
        }
      },
      {
        "type": "imagebutton",
        "data": {
          "name": "imagebutton_back_arrow",
          "image": "back_arrow.png",
          "hoveredImage": "back_arrow_activated.png",
          "onClick": {
            "name": "OpenBossBookGui4"
          },
          "x": 67,
          "y": 210
        }
      },
      {
        "type": "imagebutton",
        "data": {
          "name": "imagebutton_next_arrow",
          "image": "next_arrow.png",
          "hoveredImage": "next_arrow_activate.png",
          "onClick": {
            "name": "OpenBossBookGui6"
          },
          "x": 341,
          "y": 210
        }
      },
      {
        "type": "imagebutton",
        "data": {
          "name": "imagebutton_home_button",
          "image": "home_button.png",
          "hoveredImage": "home_button_activated.png",
          "onClick": {
            "name": "OpenBossBookGui1"
          },
          "x": 205,
          "y": 210
        }
      },
      {
        "type": "label",
        "data": {
          "name": "label_collision_with_the_player",
          "text": {
            "fixedValue": "collision with the player"
          },
          "color": {
            "value": -12829636,
            "falpha": 0.0
          },
          "x": 80,
          "y": 45
        }
      },
      {
        "type": "label",
        "data": {
          "name": "label_to_produce_an_explosion",
          "text": {
            "fixedValue": "to produce an explosion"
          },
          "color": {
            "value": -12829636,
            "falpha": 0.0
          },
          "x": 81,
          "y": 57
        }
      },
      {
        "type": "label",
        "data": {
          "name": "label_of_level_1",
          "text": {
            "fixedValue": "of level 1"
          },
          "color": {
            "value": -12829636,
            "falpha": 0.0
          },
          "x": 80,
          "y": 69
        }
      },
      {
        "type": "label",
        "data": {
          "name": "label_2cdtick200180160",
          "text": {
            "fixedValue": "2.cd(tick):200/180/160"
          },
          "color": {
            "value": -12829636,
            "falpha": 0.0
          },
          "x": 81,
          "y": 81
        }
      },
      {
        "type": "label",
        "data": {
          "name": "label_easynormaldifficult",
          "text": {
            "fixedValue": "(easy/normal/difficult)"
          },
          "color": {
            "value": -12829636,
            "falpha": 0.0
          },
          "x": 81,
          "y": 93
        }
      },
      {
        "type": "label",
        "data": {
          "name": "label_below_50_health160140",
          "text": {
            "fixedValue": "below 50 health:160/140"
          },
          "color": {
            "value": -12829636,
            "falpha": 0.0
          },
          "x": 81,
          "y": 105
        }
      },
      {
        "type": "label",
        "data": {
          "name": "label_normaldifficult",
          "text": {
            "fixedValue": "(normal/difficult)"
          },
          "color": {
            "value": -12829636,
            "falpha": 0.0
          },
          "x": 82,
          "y": 117
        }
      },
      {
        "type": "label",
        "data": {
          "name": "label_generate_blastfiremeteor",
          "text": {
            "fixedValue": "Generate Blastfiremeteor"
          },
          "color": {
            "value": -12829636,
            "falpha": 0.0
          },
          "x": 79,
          "y": 129
        }
      },
      {
        "type": "label",
        "data": {
          "name": "label_25_blocks_above_the",
          "text": {
            "fixedValue": "25 blocks above the"
          },
          "color": {
            "value": -12829636,
            "falpha": 0.0
          },
          "x": 82,
          "y": 142
        }
      },
      {
        "type": "label",
        "data": {
          "name": "label_nearest_player",
          "text": {
            "fixedValue": "nearest player,"
          },
          "color": {
            "value": -12829636,
            "falpha": 0.0
          },
          "x": 84,
          "y": 154
        }
      },
      {
        "type": "label",
        "data": {
          "name": "label_blastfiremeteor_falls",
          "text": {
            "fixedValue": "Blastfiremeteor falls"
          },
          "color": {
            "value": -12829636,
            "falpha": 0.0
          },
          "x": 84,
          "y": 166
        }
      },
      {
        "type": "label",
        "data": {
          "name": "label_and_dies_with_a_level_3",
          "text": {
            "fixedValue": "and dies with a level 3"
          },
          "color": {
            "value": -12829636,
            "falpha": 0.0
          },
          "x": 82,
          "y": 178
        }
      },
      {
        "type": "label",
        "data": {
          "name": "label_explosion_on_a_square",
          "text": {
            "fixedValue": "explosion on a square"
          },
          "color": {
            "value": -12829636,
            "falpha": 0.0
          },
          "x": 226,
          "y": 45
        }
      },
      {
        "type": "label",
        "data": {
          "name": "label_with_a_side_length_of_4",
          "text": {
            "fixedValue": "with a side length of 4"
          },
          "color": {
            "value": -12829636,
            "falpha": 0.0
          },
          "x": 226,
          "y": 57
        }
      },
      {
        "type": "label",
        "data": {
          "name": "label_centered_on_itself",
          "text": {
            "fixedValue": "centered on itself"
          },
          "color": {
            "value": -12829636,
            "falpha": 0.0
          },
          "x": 226,
          "y": 69
        }
      },
      {
        "type": "label",
        "data": {
          "name": "label_causing_10_seconds_of",
          "text": {
            "fixedValue": "causing 10 seconds of"
          },
          "color": {
            "value": -12829636,
            "falpha": 0.0
          },
          "x": 227,
          "y": 81
        }
      },
      {
        "type": "label",
        "data": {
          "name": "label_fire_and_15_lava_damage",
          "text": {
            "fixedValue": "fire and 15 lava damage"
          },
          "color": {
            "value": -12829636,
            "falpha": 0.0
          },
          "x": 226,
          "y": 93
        }
      },
      {
        "type": "label",
        "data": {
          "name": "label_3cdtick1008060",
          "text": {
            "fixedValue": "3.cd(tick):100/80/60"
          },
          "color": {
            "value": -12829636,
            "falpha": 0.0
          },
          "x": 226,
          "y": 105
        }
      },
      {
        "type": "label",
        "data": {
          "name": "label_easynormaldifficult1",
          "text": {
            "fixedValue": "(easy/normal/difficult)"
          },
          "color": {
            "value": -12829636,
            "falpha": 0.0
          },
          "x": 225,
          "y": 117
        }
      },
      {
        "type": "label",
        "data": {
          "name": "label_below_50_health6040",
          "text": {
            "fixedValue": "below 50 health:60/40"
          },
          "color": {
            "value": -12829636,
            "falpha": 0.0
          },
          "x": 226,
          "y": 129
        }
      },
      {
        "type": "label",
        "data": {
          "name": "label_normaldifficult1",
          "text": {
            "fixedValue": "(normal/difficult)"
          },
          "color": {
            "value": -12829636,
            "falpha": 0.0
          },
          "x": 226,
          "y": 142
        }
      },
      {
        "type": "label",
        "data": {
          "name": "label_teleport_to_the_nearest",
          "text": {
            "fixedValue": "Teleport to the nearest"
          },
          "color": {
            "value": -12829636,
            "falpha": 0.0
          },
          "x": 225,
          "y": 154
        }
      },
      {
        "type": "label",
        "data": {
          "name": "label_player",
          "text": {
            "fixedValue": "player"
          },
          "color": {
            "value": -12829636,
            "falpha": 0.0
          },
          "x": 227,
          "y": 166
        }
      },
      {
        "type": "label",
        "data": {
          "name": "label_4cdtick12010060",
          "text": {
            "fixedValue": "4.cd(tick):120/100/60"
          },
          "color": {
            "value": -12829636,
            "falpha": 0.0
          },
          "x": 226,
          "y": 178
        }
      }
    ],
    "gridSettings": {
      "sx": 18,
      "sy": 18,
      "ox": 11,
      "oy": 15,
      "snapOnGrid": false
    }
  }
}