{
  "_fv": 69,
  "_type": "projectile",
  "definition": {
    "projectileItem": {
      "value": "CUSTOM:BronzeSpear"
    },
    "showParticles": true,
    "actionSound": {
      "value": "entity.arrow.shoot"
    },
    "igniteFire": false,
    "power": 0.8,
    "damage": 3.75,
    "knockback": 0,
    "entityModel": "Modeliron_spear_projectile",
    "customModelTexture": "bronze_spear.png",
    "modelWidth": 0.5,
    "modelHeight": 0.5,
    "onHitsEntity": {
      "name": "BronzeAxeDangShiTiBeiGongJuJiZhongShi"
    }
  }
}