{
  "_fv": 69,
  "_type": "item",
  "definition": {
    "renderType": 0,
    "texture": "seraph_feather_reset",
    "customModelName": "Normal",
    "customProperties": {},
    "states": [],
    "name": "Seraph Feather",
    "rarity": "COMMON",
    "creativeTabs": [
      {
        "value": "CUSTOM:Dongdongstorage"
      }
    ],
    "stackSize": 64,
    "enchantability": 0,
    "useDuration": 30,
    "toolType": 1.0,
    "damageCount": 0,
    "recipeRemainder": {
      "value": ""
    },
    "destroyAnyBlock": false,
    "immuneToFire": false,
    "stayInGridWhenCrafting": false,
    "damageOnCrafting": false,
    "enableMeleeDamage": false,
    "damageVsEntity": 0.0,
    "specialInformation": {
      "fixedValue": []
    },
    "glowCondition": {
      "fixedValue": false
    },
    "guiBoundTo": "<NONE>",
    "inventorySize": 9,
    "inventoryStackSize": 64,
    "onFinishUsingItem": {
      "name": "ChitianshizhiyuDangWuPinYouWanJiaDiaoLuo"
    },
    "enableRanged": false,
    "shootConstantly": false,
    "rangedItemChargesPower": false,
    "projectile": {
      "value": "CUSTOM:ZhuiguangluProjectile"
    },
    "projectileDisableAmmoCheck": false,
    "isFood": false,
    "nutritionalValue": 0,
    "saturation": -0.2,
    "eatResultItem": {
      "value": ""
    },
    "isMeat": false,
    "isAlwaysEdible": true,
    "animation": "bow"
  }
}