{
  "_fv": 69,
  "_type": "gui",
  "definition": {
    "type": 0,
    "width": 292,
    "height": 180,
    "inventoryOffsetX": 0,
    "inventoryOffsetY": 0,
    "renderBgLayer": false,
    "doesPauseGame": false,
    "components": [
      {
        "type": "image",
        "data": {
          "image": "tutorial_book.png",
          "use1Xscale": false,
          "x": 67,
          "y": 30
        }
      },
      {
        "type": "imagebutton",
        "data": {
          "name": "imagebutton_back_arrow",
          "image": "back_arrow.png",
          "hoveredImage": "back_arrow_activated.png",
          "onClick": {
            "name": "OpenCombatBookGui1"
          },
          "x": 67,
          "y": 210
        }
      },
      {
        "type": "imagebutton",
        "data": {
          "name": "imagebutton_next_arrow",
          "image": "next_arrow.png",
          "hoveredImage": "next_arrow_activate.png",
          "onClick": {
            "name": "OpenCombatBookGui3"
          },
          "x": 341,
          "y": 210
        }
      },
      {
        "type": "imagebutton",
        "data": {
          "name": "imagebutton_home_button",
          "image": "home_button.png",
          "hoveredImage": "home_button_activated.png",
          "onClick": {
            "name": "OpenCombatBookGuiCatalog1"
          },
          "x": 205,
          "y": 210
        }
      },
      {
        "type": "label",
        "data": {
          "name": "label_3right_click_to_charge",
          "text": {
            "fixedValue": "3.Right click to charge"
          },
          "color": {
            "value": -12829636,
            "falpha": 0.0
          },
          "x": 79,
          "y": 45
        }
      },
      {
        "type": "label",
        "data": {
          "name": "label_cd100",
          "text": {
            "fixedValue": "cd100"
          },
          "color": {
            "value": -12829636,
            "falpha": 0.0
          },
          "x": 80,
          "y": 57
        }
      },
      {
        "type": "label",
        "data": {
          "name": "label_recipe",
          "text": {
            "fixedValue": "recipe:"
          },
          "color": {
            "value": -12829636,
            "falpha": 0.0
          },
          "x": 81,
          "y": 69
        }
      },
      {
        "type": "label",
        "data": {
          "name": "label_ti_ts",
          "text": {
            "fixedValue": "TI TS"
          },
          "color": {
            "value": -12829636,
            "falpha": 0.0
          },
          "x": 118,
          "y": 69
        }
      },
      {
        "type": "label",
        "data": {
          "name": "label_ts_ti",
          "text": {
            "fixedValue": "TS TI"
          },
          "color": {
            "value": -12829636,
            "falpha": 0.0
          },
          "x": 118,
          "y": 81
        }
      },
      {
        "type": "label",
        "data": {
          "name": "label_ts",
          "text": {
            "fixedValue": "TS"
          },
          "color": {
            "value": -12829636,
            "falpha": 0.0
          },
          "x": 106,
          "y": 93
        }
      },
      {
        "type": "label",
        "data": {
          "name": "label_titungstensteel_ingot",
          "text": {
            "fixedValue": "TI=Tungstensteel Ingot"
          },
          "color": {
            "value": -12829636,
            "falpha": 0.0
          },
          "x": 83,
          "y": 105
        }
      },
      {
        "type": "label",
        "data": {
          "name": "label_tstungstensteel_stick",
          "text": {
            "fixedValue": "TS=Tungstensteel Stick"
          },
          "color": {
            "value": -12829636,
            "falpha": 0.0
          },
          "x": 83,
          "y": 117
        }
      },
      {
        "type": "label",
        "data": {
          "name": "label_4ranged_weapon_with_no",
          "text": {
            "fixedValue": "4.Ranged weapon with no"
          },
          "color": {
            "value": -12829636,
            "falpha": 0.0
          },
          "x": 226,
          "y": 45
        }
      },
      {
        "type": "label",
        "data": {
          "name": "label_cd",
          "text": {
            "fixedValue": "cd"
          },
          "color": {
            "value": -12829636,
            "falpha": 0.0
          },
          "x": 226,
          "y": 57
        }
      },
      {
        "type": "label",
        "data": {
          "name": "label_recipe1",
          "text": {
            "fixedValue": "recipe:"
          },
          "color": {
            "value": -12829636,
            "falpha": 0.0
          },
          "x": 226,
          "y": 69
        }
      },
      {
        "type": "label",
        "data": {
          "name": "label_s_ti_s",
          "text": {
            "fixedValue": "S TI S"
          },
          "color": {
            "value": -12829636,
            "falpha": 0.0
          },
          "x": 269,
          "y": 69
        }
      },
      {
        "type": "label",
        "data": {
          "name": "label_ts_ti_ts",
          "text": {
            "fixedValue": "TS TI TS"
          },
          "color": {
            "value": -12829636,
            "falpha": 0.0
          },
          "x": 264,
          "y": 81
        }
      },
      {
        "type": "label",
        "data": {
          "name": "label_ti",
          "text": {
            "fixedValue": "TI"
          },
          "color": {
            "value": -12829636,
            "falpha": 0.0
          },
          "x": 264,
          "y": 93
        }
      },
      {
        "type": "label",
        "data": {
          "name": "label_consume_light_bolt",
          "text": {
            "fixedValue": "consume Light Bolt"
          },
          "color": {
            "value": -12829636,
            "falpha": 0.0
          },
          "x": 225,
          "y": 129
        }
      },
      {
        "type": "label",
        "data": {
          "name": "label_made_by_sphene_pebble",
          "text": {
            "fixedValue": "made by Sphene Pebble "
          },
          "color": {
            "value": -12829636,
            "falpha": 0.0
          },
          "x": 225,
          "y": 142
        }
      },
      {
        "type": "label",
        "data": {
          "name": "label_and_tungstensteel_stick",
          "text": {
            "fixedValue": "and Tungstensteel Stick"
          },
          "color": {
            "value": -12829636,
            "falpha": 0.0
          },
          "x": 225,
          "y": 154
        }
      },
      {
        "type": "label",
        "data": {
          "name": "label_ssphene_reinforced",
          "text": {
            "fixedValue": "S=Sphene Reinforced"
          },
          "color": {
            "value": -12829636,
            "falpha": 0.0
          },
          "x": 226,
          "y": 105
        }
      },
      {
        "type": "label",
        "data": {
          "name": "label_string",
          "text": {
            "fixedValue": "String"
          },
          "color": {
            "value": -12829636,
            "falpha": 0.0
          },
          "x": 226,
          "y": 117
        }
      }
    ],
    "gridSettings": {
      "sx": 18,
      "sy": 18,
      "ox": 11,
      "oy": 15,
      "snapOnGrid": false
    }
  }
}