{
  "_fv": 69,
  "_type": "gui",
  "definition": {
    "type": 0,
    "width": 292,
    "height": 180,
    "inventoryOffsetX": 0,
    "inventoryOffsetY": 0,
    "renderBgLayer": false,
    "doesPauseGame": false,
    "components": [
      {
        "type": "image",
        "data": {
          "image": "tutorial_book.png",
          "use1Xscale": false,
          "x": 67,
          "y": 30
        }
      },
      {
        "type": "imagebutton",
        "data": {
          "name": "imagebutton_back_arrow",
          "image": "back_arrow.png",
          "hoveredImage": "back_arrow_activated.png",
          "onClick": {
            "name": "OpenCombatBookGuiCatalog1"
          },
          "x": 67,
          "y": 210
        }
      },
      {
        "type": "imagebutton",
        "data": {
          "name": "imagebutton_next_arrow",
          "image": "next_arrow.png",
          "hoveredImage": "next_arrow_activate.png",
          "onClick": {
            "name": "OpenCombatBookGui2"
          },
          "x": 341,
          "y": 210
        }
      },
      {
        "type": "imagebutton",
        "data": {
          "name": "imagebutton_home_button",
          "image": "home_button.png",
          "hoveredImage": "home_button_activated.png",
          "onClick": {
            "name": "OpenCombatBookGuiCatalog1"
          },
          "x": 205,
          "y": 210
        }
      },
      {
        "type": "label",
        "data": {
          "name": "label_1gives_the_attacked",
          "text": {
            "fixedValue": "1.Gives the attacked"
          },
          "color": {
            "value": -12829636,
            "falpha": 0.0
          },
          "x": 82,
          "y": 45
        }
      },
      {
        "type": "label",
        "data": {
          "name": "label_entity_speed_2_60_ticks",
          "text": {
            "fixedValue": "entity speed 2, 60 ticks"
          },
          "color": {
            "value": -12829636,
            "falpha": 0.0
          },
          "x": 80,
          "y": 57
        }
      },
      {
        "type": "label",
        "data": {
          "name": "label_recipe",
          "text": {
            "fixedValue": "recipe:"
          },
          "color": {
            "value": -12829636,
            "falpha": 0.0
          },
          "x": 82,
          "y": 69
        }
      },
      {
        "type": "label",
        "data": {
          "name": "label_gi_o",
          "text": {
            "fixedValue": "GI O"
          },
          "color": {
            "value": -12829636,
            "falpha": 0.0
          },
          "x": 120,
          "y": 69
        }
      },
      {
        "type": "label",
        "data": {
          "name": "label_gi_gs_gi",
          "text": {
            "fixedValue": "GI GS GI"
          },
          "color": {
            "value": -12829636,
            "falpha": 0.0
          },
          "x": 104,
          "y": 81
        }
      },
      {
        "type": "label",
        "data": {
          "name": "label_o_gi",
          "text": {
            "fixedValue": "O GI"
          },
          "color": {
            "value": -12829636,
            "falpha": 0.0
          },
          "x": 109,
          "y": 93
        }
      },
      {
        "type": "label",
        "data": {
          "name": "label_gigold_ingot",
          "text": {
            "fixedValue": "GI=Gold Ingot"
          },
          "color": {
            "value": -12829636,
            "falpha": 0.0
          },
          "x": 82,
          "y": 105
        }
      },
      {
        "type": "label",
        "data": {
          "name": "label_oobsidian",
          "text": {
            "fixedValue": "O=Obsidian"
          },
          "color": {
            "value": -12829636,
            "falpha": 0.0
          },
          "x": 83,
          "y": 117
        }
      },
      {
        "type": "label",
        "data": {
          "name": "label_gsgolden_sword",
          "text": {
            "fixedValue": "GS=Golden Sword"
          },
          "color": {
            "value": -12829636,
            "falpha": 0.0
          },
          "x": 81,
          "y": 129
        }
      },
      {
        "type": "label",
        "data": {
          "name": "label_2high_enchantability",
          "text": {
            "fixedValue": "2.High enchantability"
          },
          "color": {
            "value": -12829636,
            "falpha": 0.0
          },
          "x": 226,
          "y": 45
        }
      },
      {
        "type": "label",
        "data": {
          "name": "label_recipe1",
          "text": {
            "fixedValue": "recipe:"
          },
          "color": {
            "value": -12829636,
            "falpha": 0.0
          },
          "x": 226,
          "y": 57
        }
      },
      {
        "type": "label",
        "data": {
          "name": "label_l_b_b",
          "text": {
            "fixedValue": "L B B"
          },
          "color": {
            "value": -12829636,
            "falpha": 0.0
          },
          "x": 270,
          "y": 57
        }
      },
      {
        "type": "label",
        "data": {
          "name": "label_b_c_b",
          "text": {
            "fixedValue": "B C B"
          },
          "color": {
            "value": -12829636,
            "falpha": 0.0
          },
          "x": 270,
          "y": 69
        }
      },
      {
        "type": "label",
        "data": {
          "name": "label_b_b_l",
          "text": {
            "fixedValue": "B B L"
          },
          "color": {
            "value": -12829636,
            "falpha": 0.0
          },
          "x": 270,
          "y": 81
        }
      },
      {
        "type": "label",
        "data": {
          "name": "label_lblock_of_lapis_lazuli",
          "text": {
            "fixedValue": "L=Block of Lapis Lazuli"
          },
          "color": {
            "value": -12829636,
            "falpha": 0.0
          },
          "x": 226,
          "y": 93
        }
      },
      {
        "type": "label",
        "data": {
          "name": "label_bbookshelf",
          "text": {
            "fixedValue": "B=Bookshelf"
          },
          "color": {
            "value": -12829636,
            "falpha": 0.0
          },
          "x": 226,
          "y": 105
        }
      },
      {
        "type": "label",
        "data": {
          "name": "label_ccraft_sword",
          "text": {
            "fixedValue": "C=Craft Sword"
          },
          "color": {
            "value": -12829636,
            "falpha": 0.0
          },
          "x": 226,
          "y": 117
        }
      }
    ],
    "gridSettings": {
      "sx": 18,
      "sy": 18,
      "ox": 11,
      "oy": 15,
      "snapOnGrid": false
    }
  }
}