{
  "_fv": 69,
  "_type": "tool",
  "definition": {
    "toolType": "Axe",
    "renderType": 0,
    "blockingRenderType": 0,
    "texture": "constantan_axe",
    "customModelName": "Normal",
    "blockingModelName": "Normal blocking",
    "name": "Constantan Axe",
    "specialInformation": {
      "fixedValue": [],
      "name": "ConstantanToolSpecialInformation"
    },
    "creativeTabs": [
      {
        "value": "CUSTOM:Dongdongtool"
      }
    ],
    "efficiency": 6.0,
    "attackSpeed": 0.9,
    "enchantability": 14,
    "damageVsEntity": 9.5,
    "usageCount": 250,
    "glowCondition": {
      "fixedValue": false
    },
    "repairItems": [
      {
        "value": "CUSTOM:ConstantanIngot"
      }
    ],
    "immuneToFire": false,
    "blockDropsTier": "IRON",
    "blocksAffected": [],
    "stayInGridWhenCrafting": false,
    "damageOnCrafting": false,
    "onEntityHitWith": {
      "name": "ConstantanHoeDangShiTiBeiGongJuJiZhongShi"
    }
  }
}