{
  "_fv": 69,
  "_type": "recipe",
  "definition": {
    "recipeType": "Smelting",
    "recipeRetstackSize": 1,
    "group": "",
    "cookingBookCategory": "FOOD",
    "xpReward": 0.4,
    "cookingTime": 400,
    "craftingBookCategory": "MISC",
    "recipeShapeless": false,
    "smeltingInputStack": {
      "value": "CUSTOM:BlockatWing"
    },
    "smeltingReturnStack": {
      "value": "CUSTOM:CookedBlockatWing"
    },
    "name": "cooked_blockat_wing_smelt_recipe",
    "namespace": "mod"
  }
}