{
  "_fv": 66,
  "_type": "recipe",
  "definition": {
    "recipeType": "Crafting",
    "recipeRetstackSize": 6,
    "group": "",
    "cookingBookCategory": "MISC",
    "xpReward": 0.0,
    "cookingTime": 200,
    "craftingBookCategory": "BUILDING",
    "recipeShapeless": false,
    "recipeSlots": [
      {
        "value": ""
      },
      {
        "value": ""
      },
      {
        "value": ""
      },
      {
        "value": ""
      },
      {
        "value": ""
      },
      {
        "value": ""
      },
      {
        "value": "CUSTOM:Zhuzoumuban"
      },
      {
        "value": "CUSTOM:Zhuzoumuban"
      },
      {
        "value": "CUSTOM:Zhuzoumuban"
      }
    ],
    "recipeReturnStack": {
      "value": "CUSTOM:Zhuzoumutaijie"
    },
    "name": "cursed_log_slab_recipe",
    "namespace": "mod"
  }
}