{
  "_fv": 60,
  "_type": "plant",
  "definition": {
    "renderType": 12,
    "texture": "acid_sugar_cane",
    "textureBottom": "",
    "customModelName": "Cross model",
    "itemTexture": "acid_sugar_cane",
    "particleTexture": "",
    "tintType": "No tint",
    "isItemTinted": false,
    "plantType": "growapable",
    "suspiciousStewEffect": "SPEED",
    "suspiciousStewDuration": 100,
    "growapableSpawnType": "Plains",
    "growapableMaxHeight": 8,
    "customBoundingBox": false,
    "disableOffset": false,
    "boundingBoxes": [
      {
        "mx": 0.0,
        "my": 0.0,
        "mz": 0.0,
        "Mx": 16.0,
        "My": 16.0,
        "Mz": 16.0,
        "subtract": false
      }
    ],
    "name": "Acid Sugar Cane",
    "specialInformation": {
      "fixedValue": []
    },
    "creativeTab": {
      "value": "CUSTOM:Zhiwuhua"
    },
    "hardness": 0.0,
    "resistance": 0.0,
    "luminance": 0,
    "unbreakable": false,
    "isSolid": false,
    "isCustomSoundType": false,
    "soundOnStep": {
      "value": "PLANT"
    },
    "breakSound": {
      "value": ""
    },
    "stepSound": {
      "value": ""
    },
    "placeSound": {
      "value": ""
    },
    "hitSound": {
      "value": ""
    },
    "fallSound": {
      "value": ""
    },
    "useLootTableForDrops": false,
    "customDrop": {
      "value": ""
    },
    "dropAmount": 1,
    "forceTicking": true,
    "emissiveRendering": false,
    "hasTileEntity": false,
    "isReplaceable": false,
    "colorOnMap": "DEFAULT",
    "creativePickItem": {
      "value": ""
    },
    "offsetType": "NONE",
    "aiPathNodeType": "DEFAULT",
    "flammability": 100,
    "fireSpreadSpeed": 60,
    "jumpFactor": 1.0,
    "speedFactor": 1.0,
    "canBePlacedOn": [
      {
        "value": "CUSTOM:RedGrass"
      },
      {
        "value": "Blocks.SAND#0"
      }
    ],
    "isBonemealable": false,
    "frequencyOnChunks": 40,
    "generateFeature": false,
    "restrictionBiomes": [
      {
        "value": "CUSTOM:RedPlain"
      }
    ],
    "generationType": "Flower",
    "patchSize": 512,
    "generateAtAnyHeight": false,
    "onNeighbourBlockChanges": {
      "name": "AcidSugarCaneDangPiLinFangKuaiGengXinShi"
    },
    "onBlockPlacedBy": {
      "name": "AcidSugarCaneDangPiLinFangKuaiGengXinShi"
    }
  }
}