{
  "_fv": 60,
  "_type": "gui",
  "definition": {
    "type": 0,
    "width": 423,
    "height": 236,
    "inventoryOffsetX": 0,
    "inventoryOffsetY": 0,
    "renderBgLayer": true,
    "doesPauseGame": false,
    "components": [
      {
        "type": "imagebutton",
        "data": {
          "name": "imagebutton_back_arrow",
          "image": "back_arrow.png",
          "hoveredImage": "back_arrow_activated.png",
          "onClick": {
            "name": "OpenBlessBookGui14"
          },
          "x": 5,
          "y": 225
        }
      },
      {
        "type": "imagebutton",
        "data": {
          "name": "imagebutton_next_arrow",
          "image": "next_arrow.png",
          "hoveredImage": "next_arrow_activate.png",
          "x": 404,
          "y": 225
        }
      },
      {
        "type": "imagebutton",
        "data": {
          "name": "imagebutton_home_button",
          "image": "home_button.png",
          "hoveredImage": "home_button_activated.png",
          "onClick": {
            "name": "OpenBlessBookGui1"
          },
          "x": 205,
          "y": 219
        }
      },
      {
        "type": "image",
        "data": {
          "image": "bless_command_list1.png",
          "use1Xscale": true,
          "x": 5,
          "y": 5
        }
      },
      {
        "type": "image",
        "data": {
          "image": "bless_command_list2.png",
          "use1Xscale": true,
          "x": 174,
          "y": 5
        }
      },
      {
        "type": "image",
        "data": {
          "image": "bless_command_list3.png",
          "use1Xscale": true,
          "x": 174,
          "y": 126
        }
      },
      {
        "type": "label",
        "data": {
          "name": "label_strength",
          "text": {
            "fixedValue": "Strength"
          },
          "color": {
            "value": -65536,
            "falpha": 0.0
          },
          "x": 72,
          "y": 6
        }
      },
      {
        "type": "label",
        "data": {
          "name": "label_conduit_power",
          "text": {
            "fixedValue": "Conduit Power"
          },
          "color": {
            "value": -65536,
            "falpha": 0.0
          },
          "x": 62,
          "y": 19
        }
      },
      {
        "type": "label",
        "data": {
          "name": "label_regeneration",
          "text": {
            "fixedValue": "Regeneration"
          },
          "color": {
            "value": -65536,
            "falpha": 0.0
          },
          "x": 104,
          "y": 31
        }
      },
      {
        "type": "label",
        "data": {
          "name": "label_speed",
          "text": {
            "fixedValue": "Speed"
          },
          "color": {
            "value": -65536,
            "falpha": 0.0
          },
          "x": 96,
          "y": 43
        }
      },
      {
        "type": "label",
        "data": {
          "name": "label_activate_level2",
          "text": {
            "fixedValue": "Activate Level2"
          },
          "color": {
            "value": -65536,
            "falpha": 0.0
          },
          "x": 78,
          "y": 55
        }
      },
      {
        "type": "label",
        "data": {
          "name": "label_invisibility",
          "text": {
            "fixedValue": "Invisibility"
          },
          "color": {
            "value": -65536,
            "falpha": 0.0
          },
          "x": 87,
          "y": 67
        }
      },
      {
        "type": "label",
        "data": {
          "name": "label_fire_resistance",
          "text": {
            "fixedValue": "Fire Resistance"
          },
          "color": {
            "value": -65536,
            "falpha": 0.0
          },
          "x": 95,
          "y": 79
        }
      },
      {
        "type": "label",
        "data": {
          "name": "label_night_vision",
          "text": {
            "fixedValue": "Night Vision"
          },
          "color": {
            "value": -65536,
            "falpha": 0.0
          },
          "x": 113,
          "y": 91
        }
      },
      {
        "type": "label",
        "data": {
          "name": "label_absorption",
          "text": {
            "fixedValue": "Absorption"
          },
          "color": {
            "value": -65536,
            "falpha": 0.0
          },
          "x": 87,
          "y": 103
        }
      },
      {
        "type": "label",
        "data": {
          "name": "label_water_breathing",
          "text": {
            "fixedValue": "Water Breathing"
          },
          "color": {
            "value": -65536,
            "falpha": 0.0
          },
          "x": 95,
          "y": 116
        }
      },
      {
        "type": "label",
        "data": {
          "name": "label_activate",
          "text": {
            "fixedValue": "Activate"
          },
          "color": {
            "value": -65536,
            "falpha": 0.0
          },
          "x": 299,
          "y": 8
        }
      },
      {
        "type": "label",
        "data": {
          "name": "label_dolphins_grace",
          "text": {
            "fixedValue": "Dolphin's Grace"
          },
          "color": {
            "value": -65536,
            "falpha": 0.0
          },
          "x": 292,
          "y": 19
        }
      },
      {
        "type": "label",
        "data": {
          "name": "label_health_boost",
          "text": {
            "fixedValue": "Health Boost"
          },
          "color": {
            "value": -65536,
            "falpha": 0.0
          },
          "x": 291,
          "y": 31
        }
      },
      {
        "type": "label",
        "data": {
          "name": "label_hero_of_the_village",
          "text": {
            "fixedValue": "Hero of the Village"
          },
          "color": {
            "value": -65536,
            "falpha": 0.0
          },
          "x": 265,
          "y": 43
        }
      },
      {
        "type": "label",
        "data": {
          "name": "label_saturation",
          "text": {
            "fixedValue": "Saturation"
          },
          "color": {
            "value": -65536,
            "falpha": 0.0
          },
          "x": 282,
          "y": 55
        }
      },
      {
        "type": "label",
        "data": {
          "name": "label_instant_health",
          "text": {
            "fixedValue": "Instant Health"
          },
          "color": {
            "value": -65536,
            "falpha": 0.0
          },
          "x": 255,
          "y": 67
        }
      },
      {
        "type": "label",
        "data": {
          "name": "label_jump_boost",
          "text": {
            "fixedValue": "Jump Boost"
          },
          "color": {
            "value": -65536,
            "falpha": 0.0
          },
          "x": 246,
          "y": 79
        }
      },
      {
        "type": "label",
        "data": {
          "name": "label_haste",
          "text": {
            "fixedValue": "Haste"
          },
          "color": {
            "value": -65536,
            "falpha": 0.0
          },
          "x": 345,
          "y": 90
        }
      },
      {
        "type": "label",
        "data": {
          "name": "label_resistance",
          "text": {
            "fixedValue": "Resistance"
          },
          "color": {
            "value": -65536,
            "falpha": 0.0
          },
          "x": 273,
          "y": 103
        }
      },
      {
        "type": "label",
        "data": {
          "name": "label_slow_falling",
          "text": {
            "fixedValue": "Slow Falling"
          },
          "color": {
            "value": -65536,
            "falpha": 0.0
          },
          "x": 282,
          "y": 115
        }
      },
      {
        "type": "label",
        "data": {
          "name": "label_luck",
          "text": {
            "fixedValue": "Luck"
          },
          "color": {
            "value": -65536,
            "falpha": 0.0
          },
          "x": 228,
          "y": 129
        }
      },
      {
        "type": "label",
        "data": {
          "name": "label_glowing",
          "text": {
            "fixedValue": "Glowing"
          },
          "color": {
            "value": -65536,
            "falpha": 0.0
          },
          "x": 263,
          "y": 141
        }
      }
    ],
    "gridSettings": {
      "sx": 18,
      "sy": 18,
      "ox": 11,
      "oy": 15,
      "snapOnGrid": false
    }
  }
}