{
  "_fv": 60,
  "_type": "gui",
  "definition": {
    "type": 0,
    "width": 292,
    "height": 180,
    "inventoryOffsetX": 0,
    "inventoryOffsetY": 0,
    "renderBgLayer": false,
    "doesPauseGame": false,
    "components": [
      {
        "type": "image",
        "data": {
          "image": "tutorial_book.png",
          "use1Xscale": false,
          "x": 67,
          "y": 30
        }
      },
      {
        "type": "imagebutton",
        "data": {
          "name": "imagebutton_back_arrow",
          "image": "back_arrow.png",
          "hoveredImage": "back_arrow_activated.png",
          "onClick": {
            "name": "OpenBossBookGui7"
          },
          "x": 67,
          "y": 210
        }
      },
      {
        "type": "imagebutton",
        "data": {
          "name": "imagebutton_next_arrow",
          "image": "next_arrow.png",
          "hoveredImage": "next_arrow_activate.png",
          "onClick": {
            "name": "OpenBossBookGui9"
          },
          "x": 341,
          "y": 210
        }
      },
      {
        "type": "imagebutton",
        "data": {
          "name": "imagebutton_home_button",
          "image": "home_button.png",
          "hoveredImage": "home_button_activated.png",
          "onClick": {
            "name": "OpenBossBookGui1"
          },
          "x": 205,
          "y": 210
        }
      },
      {
        "type": "label",
        "data": {
          "name": "label_the_light_ball_will",
          "text": {
            "fixedValue": "the light ball will"
          },
          "color": {
            "value": -12829636,
            "falpha": 0.0
          },
          "x": 82,
          "y": 45
        }
      },
      {
        "type": "label",
        "data": {
          "name": "label_destroy_the_block_once",
          "text": {
            "fixedValue": "destroy the block once"
          },
          "color": {
            "value": -12829636,
            "falpha": 0.0
          },
          "x": 81,
          "y": 57
        }
      },
      {
        "type": "label",
        "data": {
          "name": "label_per_second_to_launch_8",
          "text": {
            "fixedValue": "per second to launch 8 "
          },
          "color": {
            "value": -12829636,
            "falpha": 0.0
          },
          "x": 82,
          "y": 69
        }
      },
      {
        "type": "label",
        "data": {
          "name": "label_light_ball_scattering",
          "text": {
            "fixedValue": "light ball scattering"
          },
          "color": {
            "value": -12829636,
            "falpha": 0.0
          },
          "x": 82,
          "y": 81
        }
      },
      {
        "type": "label",
        "data": {
          "name": "label_every_3_ticks_to_launch",
          "text": {
            "fixedValue": "every 3 ticks to launch"
          },
          "color": {
            "value": -12829636,
            "falpha": 0.0
          },
          "x": 80,
          "y": 93
        }
      },
      {
        "type": "label",
        "data": {
          "name": "label_the_light_ball",
          "text": {
            "fixedValue": "the light ball"
          },
          "color": {
            "value": -12829636,
            "falpha": 0.0
          },
          "x": 82,
          "y": 105
        }
      },
      {
        "type": "label",
        "data": {
          "name": "label_normal_hard_mode_light",
          "text": {
            "fixedValue": "Normal, hard mode light"
          },
          "color": {
            "value": -12829636,
            "falpha": 0.0
          },
          "x": 81,
          "y": 117
        }
      },
      {
        "type": "label",
        "data": {
          "name": "label_ball_speed_will_be",
          "text": {
            "fixedValue": "ball speed will be"
          },
          "color": {
            "value": -12829636,
            "falpha": 0.0
          },
          "x": 83,
          "y": 129
        }
      },
      {
        "type": "label",
        "data": {
          "name": "label_faster_and_hard_mode",
          "text": {
            "fixedValue": "faster and hard mode"
          },
          "color": {
            "value": -12829636,
            "falpha": 0.0
          },
          "x": 81,
          "y": 142
        }
      },
      {
        "type": "label",
        "data": {
          "name": "label_light_ball_with_flame",
          "text": {
            "fixedValue": "light ball with flame"
          },
          "color": {
            "value": -12829636,
            "falpha": 0.0
          },
          "x": 84,
          "y": 154
        }
      },
      {
        "type": "label",
        "data": {
          "name": "label_stop_firing_when",
          "text": {
            "fixedValue": "stop firing when"
          },
          "color": {
            "value": -12829636,
            "falpha": 0.0
          },
          "x": 84,
          "y": 166
        }
      },
      {
        "type": "label",
        "data": {
          "name": "label_releasing_skills",
          "text": {
            "fixedValue": "releasing skills"
          },
          "color": {
            "value": -12829636,
            "falpha": 0.0
          },
          "x": 83,
          "y": 178
        }
      },
      {
        "type": "label",
        "data": {
          "name": "label_release_a_random_skill",
          "text": {
            "fixedValue": "Release a random skill"
          },
          "color": {
            "value": -12829636,
            "falpha": 0.0
          },
          "x": 226,
          "y": 45
        }
      },
      {
        "type": "label",
        "data": {
          "name": "label_every_1206040_ticks",
          "text": {
            "fixedValue": "every 120/60/40 ticks"
          },
          "color": {
            "value": -12829636,
            "falpha": 0.0
          },
          "x": 226,
          "y": 57
        }
      },
      {
        "type": "label",
        "data": {
          "name": "label_easynormalhard",
          "text": {
            "fixedValue": "(easy/normal/hard)"
          },
          "color": {
            "value": -12829636,
            "falpha": 0.0
          },
          "x": 226,
          "y": 69
        }
      },
      {
        "type": "label",
        "data": {
          "name": "label_1fall_sentence_rise",
          "text": {
            "fixedValue": "1.fall sentence,rise"
          },
          "color": {
            "value": -12829636,
            "falpha": 0.0
          },
          "x": 226,
          "y": 81
        }
      },
      {
        "type": "label",
        "data": {
          "name": "label_and_exchange_positions",
          "text": {
            "fixedValue": "and exchange positions"
          },
          "color": {
            "value": -12829636,
            "falpha": 0.0
          },
          "x": 226,
          "y": 93
        }
      },
      {
        "type": "label",
        "data": {
          "name": "label_with_the_player",
          "text": {
            "fixedValue": "with the player"
          },
          "color": {
            "value": -12829636,
            "falpha": 0.0
          },
          "x": 226,
          "y": 105
        }
      },
      {
        "type": "label",
        "data": {
          "name": "label_2emit_lightning_sound",
          "text": {
            "fixedValue": "2.emit lightning sound"
          },
          "color": {
            "value": -12829636,
            "falpha": 0.0
          },
          "x": 225,
          "y": 117
        }
      },
      {
        "type": "label",
        "data": {
          "name": "label_and_record_the_players",
          "text": {
            "fixedValue": "and record the player's"
          },
          "color": {
            "value": -12829636,
            "falpha": 0.0
          },
          "x": 226,
          "y": 129
        }
      },
      {
        "type": "label",
        "data": {
          "name": "label_location_1_second_after",
          "text": {
            "fixedValue": "location,1 second after"
          },
          "color": {
            "value": -12829636,
            "falpha": 0.0
          },
          "x": 225,
          "y": 142
        }
      },
      {
        "type": "label",
        "data": {
          "name": "label_the_location_to_summon",
          "text": {
            "fixedValue": "the location to summon"
          },
          "color": {
            "value": -12829636,
            "falpha": 0.0
          },
          "x": 225,
          "y": 154
        }
      },
      {
        "type": "label",
        "data": {
          "name": "label_a_pillar_of_lightit",
          "text": {
            "fixedValue": "a pillar of light,it"
          },
          "color": {
            "value": -12829636,
            "falpha": 0.0
          },
          "x": 226,
          "y": 166
        }
      },
      {
        "type": "label",
        "data": {
          "name": "label_will_cause_level_1310",
          "text": {
            "fixedValue": "will cause level 1/3/10"
          },
          "color": {
            "value": -12829636,
            "falpha": 0.0
          },
          "x": 225,
          "y": 178
        }
      }
    ],
    "gridSettings": {
      "sx": 18,
      "sy": 18,
      "ox": 11,
      "oy": 15,
      "snapOnGrid": false
    }
  }
}