{
  "_fv": 60,
  "_type": "recipe",
  "definition": {
    "recipeType": "Campfire cooking",
    "recipeRetstackSize": 1,
    "group": "",
    "cookingBookCategory": "FOOD",
    "xpReward": 1.0,
    "cookingTime": 100,
    "craftingBookCategory": "MISC",
    "recipeShapeless": false,
    "campfireCookingInputStack": {
      "value": "CUSTOM:AcidCactus"
    },
    "campfireCookingReturnStack": {
      "value": "CUSTOM:AcidMaterials"
    },
    "name": "campfire_acid_materials_recipe",
    "namespace": "mod"
  }
}