{
  "_fv": 60,
  "_type": "tool",
  "definition": {
    "toolType": "Sword",
    "renderType": 0,
    "blockingRenderType": 0,
    "texture": "cobalt_rapier",
    "customModelName": "Normal",
    "blockingModelName": "Normal blocking",
    "name": "Cobalt Rapier",
    "specialInformation": {
      "fixedValue": []
    },
    "creativeTab": {
      "value": "CUSTOM:Dongdongsword"
    },
    "harvestLevel": 4,
    "efficiency": 9.0,
    "attackSpeed": 20.0,
    "enchantability": 28,
    "damageVsEntity": 0.30000000000000004,
    "usageCount": 660,
    "blocksAffected": [],
    "glowCondition": {
      "fixedValue": false
    },
    "repairItems": [
      {
        "value": "CUSTOM:Guding"
      }
    ],
    "immuneToFire": false,
    "stayInGridWhenCrafting": false,
    "damageOnCrafting": false,
    "onBlockDestroyedWithTool": {
      "name": "CobaltAxeDangFangKuaiBeiGongJuPoPi"
    },
    "onEntitySwing": {
      "name": "TungstenSteelRapierDangShiTiHuiDongWuPinShi"
    }
  }
}