{
  "_fv": 69,
  "_type": "armor",
  "definition": {
    "enableHelmet": true,
    "textureHelmet": "arcane_hoodie_hood",
    "enableBody": true,
    "textureBody": "arcane_hoodie",
    "enableLeggings": false,
    "textureLeggings": "",
    "enableBoots": false,
    "textureBoots": "",
    "creativeTabs": [
      {
        "value": "CUSTOM:Dongdongkuijiade"
      }
    ],
    "armorTextureFile": "arcane_hoodie_",
    "helmetName": "Arcanehoodie Hood",
    "bodyName": "Arcanehoodie",
    "leggingsName": "",
    "bootsName": "",
    "helmetSpecialInformation": {
      "fixedValue": []
    },
    "bodySpecialInformation": {
      "fixedValue": []
    },
    "leggingsSpecialInformation": {
      "fixedValue": []
    },
    "bootsSpecialInformation": {
      "fixedValue": []
    },
    "helmetModelName": "Default",
    "helmetModelPart": "Helmet",
    "helmetModelTexture": "From armor",
    "bodyModelName": "Default",
    "bodyModelPart": "Body",
    "armsModelPartL": "Arms L",
    "armsModelPartR": "Arms R",
    "bodyModelTexture": "From armor",
    "leggingsModelName": "Default",
    "leggingsModelPartL": "Leggings L",
    "leggingsModelPartR": "Leggings R",
    "leggingsModelTexture": "From armor",
    "bootsModelName": "Default",
    "bootsModelPartL": "Boots L",
    "bootsModelPartR": "Boots R",
    "bootsModelTexture": "From armor",
    "helmetItemRenderType": 0,
    "helmetItemCustomModelName": "Normal",
    "bodyItemRenderType": 0,
    "bodyItemCustomModelName": "Normal",
    "leggingsItemRenderType": 0,
    "leggingsItemCustomModelName": "Normal",
    "bootsItemRenderType": 0,
    "bootsItemCustomModelName": "Normal",
    "helmetImmuneToFire": false,
    "bodyImmuneToFire": false,
    "leggingsImmuneToFire": false,
    "bootsImmuneToFire": false,
    "maxDamage": 50,
    "damageValueHelmet": 1,
    "damageValueBody": 3,
    "damageValueLeggings": 2,
    "damageValueBoots": 1,
    "enchantability": 20,
    "toughness": 0.5,
    "knockbackResistance": 0.2,
    "equipSound": {
      "value": "block.cloth.place"
    },
    "repairItems": [
      {
        "value": "CUSTOM:Greenarcaneclothg"
      },
      {
        "value": "CUSTOM:Purplearcanecloth"
      }
    ]
  }
}