{
  "_fv": 69,
  "_type": "dimension",
  "definition": {
    "biomesInDimension": [
      {
        "value": "CUSTOM:None"
      }
    ],
    "worldGenType": "End like gen",
    "mainFillerBlock": {
      "value": "Blocks.AIR"
    },
    "fluidBlock": {
      "value": "Blocks.AIR"
    },
    "canRespawnHere": false,
    "hasFog": false,
    "isDark": true,
    "doesWaterVaporize": false,
    "sleepResult": "ALLOW",
    "hasSkyLight": true,
    "imitateOverworldBehaviour": false,
    "onPlayerEntersDimension": {
      "name": "BedrockSkyblockPlayerEntersDimension"
    },
    "portalFrame": {
      "value": "CUSTOM:Sphenestone"
    },
    "portalParticles": {
      "value": "CUSTOM:MysteriousBlueparticle"
    },
    "portalLuminance": 0,
    "portalSound": {
      "value": "block.portal.ambient"
    },
    "enableIgniter": true,
    "igniterName": "Superflat World Portal Igniter",
    "igniterRarity": "COMMON",
    "specialInformation": {
      "fixedValue": []
    },
    "creativeTabs": [
      {
        "value": "TOOLS"
      }
    ],
    "texture": "absorption_bless",
    "portalTexture": "acid_cactus_bottom",
    "enablePortal": false
  }
}