{
  "_fv": 69,
  "_type": "livingentity",
  "definition": {
    "mobName": "Blockhead",
    "mobLabel": "",
    "mobModelName": "Modelblockhead",
    "mobModelTexture": "blockhead.png",
    "transparentModelCondition": {
      "fixedValue": false
    },
    "isShakingCondition": {
      "fixedValue": false
    },
    "solidBoundingBox": {
      "fixedValue": true
    },
    "visualScale": {
      "fixedValue": 1.0
    },
    "boundingBoxScale": {
      "fixedValue": 1.0
    },
    "modelLayers": [
      {
        "model": "Modelblockhead_defend",
        "texture": "blockhead.png",
        "disableHurtOverlay": false,
        "glow": false,
        "condition": {
          "name": "BlockheadDefendDisplayCondition"
        }
      },
      {
        "model": "Modelblockhead",
        "texture": "blockhead_shield_yellow.png",
        "disableHurtOverlay": true,
        "glow": true,
        "condition": {
          "name": "BlockheadShieldYellowDisplayCondition"
        }
      },
      {
        "model": "Modelblockhead",
        "texture": "blockhead_shield_white.png",
        "disableHurtOverlay": true,
        "glow": true,
        "condition": {
          "name": "BlockheadShieldWhiteDisplayCondition"
        }
      },
      {
        "model": "Modelblockhead",
        "texture": "blockhead_shield_purple.png",
        "disableHurtOverlay": true,
        "glow": true,
        "condition": {
          "name": "BlockheadShieldPurpleDisplayCondition"
        }
      },
      {
        "model": "Modelblockhead",
        "texture": "blockhead_shield_red.png",
        "disableHurtOverlay": true,
        "glow": true,
        "condition": {
          "name": "BlockheadShieldRedDisplayCondition"
        }
      }
    ],
    "modelWidth": 0.7999999999999999,
    "modelHeight": 1.2000000000000002,
    "modelShadowSize": 0.5,
    "mountedYOffset": 0.0,
    "hasSpawnEgg": true,
    "spawnEggBaseColor": {
      "value": -16777216,
      "falpha": 0.0
    },
    "spawnEggDotColor": {
      "value": -9744768,
      "falpha": 0.0
    },
    "creativeTabs": [
      {
        "value": "CUSTOM:Shengchengdan"
      }
    ],
    "isBoss": false,
    "bossBarColor": "PINK",
    "bossBarType": "PROGRESS",
    "equipmentMainHand": {
      "value": ""
    },
    "equipmentOffHand": {
      "value": ""
    },
    "equipmentHelmet": {
      "value": ""
    },
    "equipmentBody": {
      "value": ""
    },
    "equipmentLeggings": {
      "value": ""
    },
    "equipmentBoots": {
      "value": ""
    },
    "mobBehaviourType": "Mob",
    "mobCreatureType": "UNDEFINED",
    "attackStrength": 0,
    "attackKnockback": 0.0,
    "knockbackResistance": 0.0,
    "movementSpeed": 0.3,
    "stepHeight": 0.6,
    "armorBaseValue": 0.0,
    "trackingRange": 64,
    "followRange": 16,
    "health": 30,
    "xpAmount": 14,
    "waterMob": false,
    "breatheUnderwater": {
      "fixedValue": false
    },
    "pushedByFluids": {
      "fixedValue": true
    },
    "flyingMob": false,
    "guiBoundTo": "<NONE>",
    "inventorySize": 9,
    "inventoryStackSize": 64,
    "disableCollisions": false,
    "ridable": false,
    "canControlForward": false,
    "canControlStrafe": false,
    "immuneToFire": false,
    "immuneToArrows": true,
    "immuneToFallDamage": false,
    "immuneToCactus": false,
    "immuneToDrowning": false,
    "immuneToLightning": false,
    "immuneToPotions": false,
    "immuneToPlayer": false,
    "immuneToExplosion": false,
    "immuneToTrident": false,
    "immuneToAnvil": false,
    "immuneToWither": false,
    "immuneToDragonBreath": false,
    "mobDrop": {
      "value": ""
    },
    "livingSound": {
      "value": ""
    },
    "hurtSound": {
      "value": "CUSTOM:entity.blockhead.hurt"
    },
    "deathSound": {
      "value": "CUSTOM:entity.blockhead.death"
    },
    "stepSound": {
      "value": ""
    },
    "raidCelebrationSound": {
      "value": ""
    },
    "entityDataEntries": [
      {
        "name": "fire",
        "type": "logic",
        "value": false
      },
      {
        "min": -2147483648,
        "max": 2147483647,
        "name": "fireDuration",
        "type": "integer",
        "value": 0
      },
      {
        "name": "defend",
        "type": "logic",
        "value": true
      },
      {
        "min": -2147483648,
        "max": 2147483647,
        "name": "defendDuration",
        "type": "integer",
        "value": 0
      },
      {
        "name": "shieldYellow",
        "type": "logic",
        "value": false
      },
      {
        "name": "shieldWhite",
        "type": "logic",
        "value": false
      },
      {
        "name": "shieldPurple",
        "type": "logic",
        "value": false
      },
      {
        "name": "shieldRed",
        "type": "logic",
        "value": false
      }
    ],
    "whenMobDies": {
      "name": "EverlandEntityDies"
    },
    "whenMobIsHurt": {
      "name": "BlockheadEntityIsHurt"
    },
    "onMobTickUpdate": {
      "name": "BlockheadOnEntityTickUpdate"
    },
    "hasAI": true,
    "aiBase": "(none)",
    "aixml": "<xml xmlns=\"https://developers.google.com/blockly/xml\"><block type=\"aitasks_container\" deletable=\"false\" x=\"40\" y=\"40\"><next><block type=\"attack_action\"><field name=\"callhelp\">TRUE</field><field name=\"condition\">BlockheadFireNoai,BlockheadFireNoai</field><next><block type=\"attack_entity\"><field name=\"insight\">FALSE</field><field name=\"nearby\">FALSE</field><field name=\"entity\">EntityPlayer</field><field name=\"condition\">BlockheadFireNoai,BlockheadFireNoai</field><next><block type=\"attack_on_collide\"><field name=\"speed\">1.2</field><field name=\"longmemory\">FALSE</field><field name=\"condition\">BlockheadFireNoai,BlockheadFireNoai</field><next><block type=\"wander\"><field name=\"speed\">1</field><field name=\"condition\">BlockheadFireNoai,BlockheadFireNoai</field><next><block type=\"attack_action\"><field name=\"callhelp\">FALSE</field><field name=\"condition\">BlockheadFireNoai,BlockheadFireNoai</field><next><block type=\"look_around\"><field name=\"condition\">BlockheadFireNoai,BlockheadFireNoai</field><next><block type=\"swim_in_water\"><field name=\"condition\">BlockheadFireNoai,BlockheadFireNoai</field></block></next></block></next></block></next></block></next></block></next></block></next></block></next></block></xml>",
    "breedable": false,
    "tameable": false,
    "breedTriggerItems": [],
    "ranged": false,
    "rangedAttackItem": {
      "value": ""
    },
    "rangedItemType": "Default item",
    "rangedAttackInterval": 20,
    "rangedAttackRadius": 10.0,
    "spawnThisMob": false,
    "doesDespawnWhenIdle": true,
    "spawningProbability": 20,
    "mobSpawningType": "monster",
    "minNumberOfMobsPerGroup": 2,
    "maxNumberOfMobsPerGroup": 4,
    "restrictionBiomes": [],
    "spawnInDungeons": false,
    "raidSpawnsCount": [
      4,
      3,
      3,
      4,
      4,
      4,
      2
    ]
  }
}