{
  "_fv": 69,
  "_type": "recipe",
  "definition": {
    "recipeType": "Brewing",
    "recipeRetstackSize": 1,
    "group": "",
    "cookingBookCategory": "MISC",
    "xpReward": 0.0,
    "cookingTime": 200,
    "craftingBookCategory": "MISC",
    "recipeShapeless": false,
    "brewingInputStack": {
      "value": "POTION:THICK"
    },
    "brewingIngredientStack": {
      "value": "CUSTOM:ChaosBiomass"
    },
    "brewingReturnStack": {
      "value": "POTION:CUSTOM:ChaosPotionPotionItem"
    },
    "name": "chaos_potion_recipe",
    "namespace": "mod"
  }
}