{
  "_fv": 69,
  "_type": "fluid",
  "definition": {
    "name": "Chaos Pus",
    "bucketName": "Chaos Pus Bucket",
    "textureStill": "chaospus",
    "textureFlowing": "chaospusflow",
    "tintType": "No tint",
    "canMultiply": false,
    "flowRate": 5,
    "levelDecrease": 1,
    "slopeFindDistance": 4,
    "spawnParticles": false,
    "dripParticle": {
      "value": "CUSTOM:MysteriousBlueparticle"
    },
    "flowStrength": 1.0,
    "luminosity": 0,
    "density": 1000,
    "viscosity": 1000,
    "temperature": 300,
    "type": "WATER",
    "generateBucket": true,
    "textureBucket": "",
    "creativeTabs": [
      {
        "value": "CUSTOM:Dongdongstorage"
      }
    ],
    "emptySound": {
      "value": ""
    },
    "rarity": "COMMON",
    "specialInformation": {
      "fixedValue": []
    },
    "resistance": 100.0,
    "luminance": 0,
    "lightOpacity": 1,
    "emissiveRendering": false,
    "tickRate": 10,
    "flammability": 0,
    "fireSpreadSpeed": 0,
    "colorOnMap": "DEFAULT",
    "onBlockAdded": {
      "name": "ChaosPusFangZhiFangKuaiShi"
    },
    "onEntityCollides": {
      "name": "ChaosPusDangShengWuWanJiaPengZhuangFangKuaiShi"
    }
  }
}