{
  "_fv": 69,
  "_type": "tool",
  "definition": {
    "toolType": "Pickaxe",
    "renderType": 0,
    "blockingRenderType": 0,
    "texture": "cobalt_hammer",
    "customModelName": "Normal",
    "blockingModelName": "Normal blocking",
    "name": "Cobalt Hammer",
    "specialInformation": {
      "fixedValue": [],
      "name": "CobaltToolSpecialInformation"
    },
    "creativeTabs": [
      {
        "value": "CUSTOM:Dongdongtool"
      }
    ],
    "efficiency": 9.0,
    "attackSpeed": 0.5,
    "enchantability": 14,
    "damageVsEntity": 6.0,
    "usageCount": 660,
    "glowCondition": {
      "fixedValue": false
    },
    "repairItems": [
      {
        "value": "CUSTOM:Guding"
      }
    ],
    "immuneToFire": false,
    "blockDropsTier": "IRON",
    "blocksAffected": [],
    "stayInGridWhenCrafting": true,
    "damageOnCrafting": true,
    "onBlockDestroyedWithTool": {
      "name": "CobalthammerDangFangKuaiBeiGongJuPoPi"
    }
  }
}