{
  "_fv": 69,
  "_type": "recipe",
  "definition": {
    "recipeType": "Smelting",
    "recipeRetstackSize": 1,
    "group": "",
    "cookingBookCategory": "FOOD",
    "xpReward": 0.5,
    "cookingTime": 200,
    "craftingBookCategory": "MISC",
    "recipeShapeless": false,
    "smeltingInputStack": {
      "value": "CUSTOM:StepperFoot"
    },
    "smeltingReturnStack": {
      "value": "CUSTOM:CookedStepperFoot"
    },
    "name": "cooked_stepper_foot_smelt_recipe",
    "namespace": "mod"
  }
}