{
  "_fv": 60,
  "_type": "feature",
  "definition": {
    "generationStep": "VEGETAL_DECORATION",
    "restrictionBiomes": [
      {
        "value": "CUSTOM:RedPlain"
      }
    ],
    "generateCondition": {
      "name": "AcidSugarCaneFuJiaDeShengChengTiaoJian"
    },
    "featurexml": "<xml><block type=\"feature_container\" deletable=\"false\" x=\"40\" y=\"40\">\n<value name=\"feature\"><block type=\"feature_random_patch\" inline=\"false\">\n\t<field name=\"tries\">512</field>\n\t<field name=\"xzSpread\">7</field>\n\t<field name=\"ySpread\">3</field>\n\t<value name=\"feature\"><block type=\"placed_feature_inline\">\n\t\t<value name=\"feature\"><block type=\"feature_block_column_simple\">\n\t\t\t<value name=\"height\"><block type=\"int_provider_biased_to_bottom\">\n\t\t\t\t<field name=\"min\">2</field><field name=\"max\">4</field>\n\t\t\t</block></value>\n\t\t\t<value name=\"block\"><block type=\"mcitem_allblocks\"><field name=\"value\">CUSTOM:AcidSugarCane</field></block></value>\n\t\t</block></value>\n\t\t<statement name=\"placement\"><block type=\"placement_block_predicate_filter\">\n\t\t\t<value name=\"condition\"><block type=\"block_predicate_all_of\">\n\t\t\t\t<mutation inputs=\"2\"></mutation>\n\t\t\t\t<value name=\"condition0\"><block type=\"block_predicate_is_air\"></block></value>\n\t\t\t\t<value name=\"condition1\"><block type=\"block_predicate_would_survive\">\n\t\t\t\t\t<field name=\"x\">0</field><field name=\"y\">0</field><field name=\"z\">0</field>\n\t\t\t\t\t<value name=\"block\"><block type=\"mcitem_allblocks\"><field name=\"value\">CUSTOM:AcidSugarCane</field></block></value>\n\t\t\t\t</block></value>\n\t\t\t</block></value>\n\t\t</block></statement>\n\t</block></value>\n</block>\n</value>\n<next><block type=\"placement_count\"><value name=\"count\"><block type=\"int_provider_constant\"><field name=\"value\">40</field></block></value><next><block type=\"placement_rarity\"><field name=\"rarity\">32</field><next><block type=\"placement_in_square\"><next><block type=\"placement_heightmap\"><field name=\"heightmap\">MOTION_BLOCKING</field><next><block type=\"placement_biome_filter\"></block></next></block></next></block></next></block></next></block></next></block></xml>\n"
  }
}