{
  "_fv": 60,
  "_type": "achievement",
  "definition": {
    "achievementName": "Activate Blessing Two Advancement",
    "achievementDescription": "Get Activate Blessing Two ",
    "achievementIcon": {
      "value": "CUSTOM:ActivateBlessingTwo"
    },
    "background": "Default",
    "disableDisplay": false,
    "showPopup": true,
    "announceToChat": true,
    "hideIfNotCompleted": false,
    "rewardLoot": [],
    "rewardRecipes": [],
    "rewardFunction": "No function",
    "rewardXP": 0,
    "achievementType": "task",
    "parent": {
      "value": "CUSTOM:Activateblessingoneadvancement"
    },
    "triggerxml": "<?xml version=\"1.0\" encoding=\"UTF-8\" standalone=\"no\"?><xml xmlns=\"https://developers.google.com/blockly/xml\"><block deletable=\"false\" type=\"advancement_trigger\" x=\"40\" y=\"80\"><next><block type=\"item_in_inventory\" x=\"-120\" y=\"51\"><value name=\"amount_l\"><block type=\"math_number\"><field name=\"NUM\">1</field></block></value><value name=\"amount_h\"><block type=\"math_number\"><field name=\"NUM\">64</field></block></value><value name=\"item\"><block type=\"mcitem_all\"><field name=\"value\">CUSTOM:ActivateBlessingTwo</field></block></value></block></next></block></xml>"
  }
}