{
  "_fv": 60,
  "_type": "gui",
  "definition": {
    "type": 0,
    "width": 292,
    "height": 180,
    "inventoryOffsetX": 0,
    "inventoryOffsetY": 0,
    "renderBgLayer": false,
    "doesPauseGame": false,
    "components": [
      {
        "type": "image",
        "data": {
          "image": "tutorial_book.png",
          "use1Xscale": false,
          "x": 67,
          "y": 30
        }
      },
      {
        "type": "imagebutton",
        "data": {
          "name": "imagebutton_back_arrow",
          "image": "back_arrow.png",
          "hoveredImage": "back_arrow_activated.png",
          "onClick": {
            "name": "OpenArcaneBookGui2"
          },
          "x": 67,
          "y": 210
        }
      },
      {
        "type": "imagebutton",
        "data": {
          "name": "imagebutton_next_arrow",
          "image": "next_arrow.png",
          "hoveredImage": "next_arrow_activate.png",
          "x": 341,
          "y": 210
        }
      },
      {
        "type": "imagebutton",
        "data": {
          "name": "imagebutton_home_button",
          "image": "home_button.png",
          "hoveredImage": "home_button_activated.png",
          "onClick": {
            "name": "OpenArcaneBookGui1"
          },
          "x": 205,
          "y": 210
        }
      },
      {
        "type": "label",
        "data": {
          "name": "label_3press_the_right_button_to_call",
          "text": {
            "fixedValue": "3.Press the right"
          },
          "color": {
            "value": -12829636,
            "falpha": 0.0
          },
          "x": 81,
          "y": 44
        }
      },
      {
        "type": "label",
        "data": {
          "name": "label_button_to_call_out_the_magic",
          "text": {
            "fixedValue": "click to call out the"
          },
          "color": {
            "value": -12829636,
            "falpha": 0.0
          },
          "x": 81,
          "y": 57
        }
      },
      {
        "type": "label",
        "data": {
          "name": "label_magic_equipment_guipress",
          "text": {
            "fixedValue": "magic equipment gui,"
          },
          "color": {
            "value": -12829636,
            "falpha": 0.0
          },
          "x": 82,
          "y": 69
        }
      },
      {
        "type": "label",
        "data": {
          "name": "label_press_the_left_button_to_release",
          "text": {
            "fixedValue": "press the left button"
          },
          "color": {
            "value": -12829636,
            "falpha": 0.0
          },
          "x": 83,
          "y": 81
        }
      },
      {
        "type": "label",
        "data": {
          "name": "label_release_the_magic",
          "text": {
            "fixedValue": "release the magic"
          },
          "color": {
            "value": -12829636,
            "falpha": 0.0
          },
          "x": 83,
          "y": 93
        }
      },
      {
        "type": "label",
        "data": {
          "name": "label_plunder_the_deadbody",
          "text": {
            "fixedValue": "Plunder the living doll"
          },
          "color": {
            "value": -12829636,
            "falpha": 0.0
          },
          "x": 81,
          "y": 105
        }
      },
      {
        "type": "label",
        "data": {
          "name": "label_of_a_living_doll_to_obtain",
          "text": {
            "fixedValue": "deadbody to obtain"
          },
          "color": {
            "value": -12829636,
            "falpha": 0.0
          },
          "x": 82,
          "y": 117
        }
      },
      {
        "type": "label",
        "data": {
          "name": "label_4consumption_of_magic_power5c",
          "text": {
            "fixedValue": "4.Consumption of magic"
          },
          "color": {
            "value": -12829636,
            "falpha": 0.0
          },
          "x": 226,
          "y": 45
        }
      },
      {
        "type": "label",
        "data": {
          "name": "label_power5cd_60_ticks",
          "text": {
            "fixedValue": "power:5,CD: 60 ticks"
          },
          "color": {
            "value": -12829636,
            "falpha": 0.0
          },
          "x": 226,
          "y": 57
        }
      },
      {
        "type": "label",
        "data": {
          "name": "label_5consumption_of_magic",
          "text": {
            "fixedValue": "5.Consumption of magic "
          },
          "color": {
            "value": -12829636,
            "falpha": 0.0
          },
          "x": 227,
          "y": 69
        }
      },
      {
        "type": "label",
        "data": {
          "name": "label_power4cd_40_ticks",
          "text": {
            "fixedValue": "power:4,CD: 40 ticks"
          },
          "color": {
            "value": -12829636,
            "falpha": 0.0
          },
          "x": 227,
          "y": 81
        }
      },
      {
        "type": "label",
        "data": {
          "name": "label_6consumption_of_magic",
          "text": {
            "fixedValue": "6.Consumption of magic "
          },
          "color": {
            "value": -12829636,
            "falpha": 0.0
          },
          "x": 226,
          "y": 93
        }
      },
      {
        "type": "label",
        "data": {
          "name": "label_power10cd_100_ticks",
          "text": {
            "fixedValue": "power:10,CD: 100 ticks"
          },
          "color": {
            "value": -12829636,
            "falpha": 0.0
          },
          "x": 226,
          "y": 105
        }
      },
      {
        "type": "label",
        "data": {
          "name": "label_deadbody_to_obtain",
          "text": {
            "fixedValue": "deadbody to obtain"
          },
          "color": {
            "value": -12829636,
            "falpha": 0.0
          },
          "x": 226,
          "y": 129
        }
      },
      {
        "type": "label",
        "data": {
          "name": "label_plunder_the_living_doll",
          "text": {
            "fixedValue": "Plunder the living doll"
          },
          "color": {
            "value": -12829636,
            "falpha": 0.0
          },
          "x": 226,
          "y": 117
        }
      }
    ],
    "gridSettings": {
      "sx": 18,
      "sy": 18,
      "ox": 11,
      "oy": 15,
      "snapOnGrid": false
    }
  }
}