{
  "_fv": 60,
  "_type": "achievement",
  "definition": {
    "achievementName": "Boom!",
    "achievementDescription": "Suffered an explosion from the risk block",
    "achievementIcon": {
      "value": "CUSTOM:BombTrigger"
    },
    "background": "Default",
    "disableDisplay": false,
    "showPopup": true,
    "announceToChat": true,
    "hideIfNotCompleted": false,
    "rewardLoot": [],
    "rewardRecipes": [],
    "rewardFunction": "No function",
    "rewardXP": 1,
    "achievementType": "task",
    "parent": {
      "value": "CUSTOM:Risk"
    },
    "triggerxml": "<?xml version=\"1.0\" encoding=\"UTF-8\" standalone=\"no\"?><xml xmlns=\"https://developers.google.com/blockly/xml\"><block deletable=\"false\" type=\"advancement_trigger\" x=\"40\" y=\"80\"><next><block type=\"custom_trigger\" x=\"56\" y=\"88\"/></next></block></xml>"
  }
}