{
  "_fv": 60,
  "_type": "gui",
  "definition": {
    "type": 0,
    "width": 292,
    "height": 180,
    "inventoryOffsetX": 0,
    "inventoryOffsetY": 0,
    "renderBgLayer": false,
    "doesPauseGame": false,
    "components": [
      {
        "type": "image",
        "data": {
          "image": "tutorial_book.png",
          "use1Xscale": false,
          "x": 67,
          "y": 30
        }
      },
      {
        "type": "imagebutton",
        "data": {
          "name": "imagebutton_back_arrow",
          "image": "back_arrow.png",
          "hoveredImage": "back_arrow_activated.png",
          "onClick": {
            "name": "OpenBlessBookGui9"
          },
          "x": 67,
          "y": 210
        }
      },
      {
        "type": "imagebutton",
        "data": {
          "name": "imagebutton_next_arrow",
          "image": "next_arrow.png",
          "hoveredImage": "next_arrow_activate.png",
          "onClick": {
            "name": "OpenBlessBookGui11"
          },
          "x": 341,
          "y": 210
        }
      },
      {
        "type": "imagebutton",
        "data": {
          "name": "imagebutton_home_button",
          "image": "home_button.png",
          "hoveredImage": "home_button_activated.png",
          "onClick": {
            "name": "OpenBlessBookGui1"
          },
          "x": 205,
          "y": 210
        }
      },
      {
        "type": "label",
        "data": {
          "name": "label_11the_default_maximum",
          "text": {
            "fixedValue": "11.The default maximum"
          },
          "color": {
            "value": -12829636,
            "falpha": 0.0
          },
          "x": 80,
          "y": 45
        }
      },
      {
        "type": "label",
        "data": {
          "name": "label_value_of_blue_power_is_5",
          "text": {
            "fixedValue": "value of blue power is 5"
          },
          "color": {
            "value": -12829636,
            "falpha": 0.0
          },
          "x": 79,
          "y": 57
        }
      },
      {
        "type": "label",
        "data": {
          "name": "label_001_is_restored_every",
          "text": {
            "fixedValue": "0.01 is restored every"
          },
          "color": {
            "value": -12829636,
            "falpha": 0.0
          },
          "x": 84,
          "y": 69
        }
      },
      {
        "type": "label",
        "data": {
          "name": "label_12_ticks",
          "text": {
            "fixedValue": "12 ticks"
          },
          "color": {
            "value": -12829636,
            "falpha": 0.0
          },
          "x": 82,
          "y": 81
        }
      },
      {
        "type": "label",
        "data": {
          "name": "label_the_default_consumption",
          "text": {
            "fixedValue": "The default consumption"
          },
          "color": {
            "value": -12829636,
            "falpha": 0.0
          },
          "x": 80,
          "y": 93
        }
      },
      {
        "type": "label",
        "data": {
          "name": "label_of_blue_for_each_level",
          "text": {
            "fixedValue": "of blue for each level"
          },
          "color": {
            "value": -12829636,
            "falpha": 0.0
          },
          "x": 82,
          "y": 105
        }
      },
      {
        "type": "label",
        "data": {
          "name": "label_of_blessinglevel_005",
          "text": {
            "fixedValue": "of blessing:level0:0.5"
          },
          "color": {
            "value": -12829636,
            "falpha": 0.0
          },
          "x": 79,
          "y": 117
        }
      },
      {
        "type": "label",
        "data": {
          "name": "label_level11_level215",
          "text": {
            "fixedValue": "level1:1 level2:1.5"
          },
          "color": {
            "value": -12829636,
            "falpha": 0.0
          },
          "x": 81,
          "y": 129
        }
      },
      {
        "type": "label",
        "data": {
          "name": "label_level32_level_425",
          "text": {
            "fixedValue": "level3:2 level4:2.5"
          },
          "color": {
            "value": -12829636,
            "falpha": 0.0
          },
          "x": 81,
          "y": 142
        }
      },
      {
        "type": "label",
        "data": {
          "name": "label_level53",
          "text": {
            "fixedValue": "level5:3"
          },
          "color": {
            "value": -12829636,
            "falpha": 0.0
          },
          "x": 80,
          "y": 154
        }
      },
      {
        "type": "label",
        "data": {
          "name": "label_activate_bless1",
          "text": {
            "fixedValue": "Activate Bless:1"
          },
          "color": {
            "value": -12829636,
            "falpha": 0.0
          },
          "x": 81,
          "y": 166
        }
      },
      {
        "type": "label",
        "data": {
          "name": "label_activate_bless_level2_5",
          "text": {
            "fixedValue": "Activate Bless Level2:5"
          },
          "color": {
            "value": -12829636,
            "falpha": 0.0
          },
          "x": 80,
          "y": 178
        }
      },
      {
        "type": "label",
        "data": {
          "name": "label_12sing_will_be",
          "text": {
            "fixedValue": "12.Sing will be"
          },
          "color": {
            "value": -12829636,
            "falpha": 0.0
          },
          "x": 225,
          "y": 45
        }
      },
      {
        "type": "label",
        "data": {
          "name": "label_interrupted_when",
          "text": {
            "fixedValue": "interrupted when"
          },
          "color": {
            "value": -12829636,
            "falpha": 0.0
          },
          "x": 227,
          "y": 57
        }
      },
      {
        "type": "label",
        "data": {
          "name": "label_attackedthe_default",
          "text": {
            "fixedValue": "attacked,the default"
          },
          "color": {
            "value": -12829636,
            "falpha": 0.0
          },
          "x": 226,
          "y": 69
        }
      },
      {
        "type": "label",
        "data": {
          "name": "label_sing_time_required_for",
          "text": {
            "fixedValue": "Sing time required for"
          },
          "color": {
            "value": -12829636,
            "falpha": 0.0
          },
          "x": 226,
          "y": 81
        }
      },
      {
        "type": "label",
        "data": {
          "name": "label_each_level_of_bless",
          "text": {
            "fixedValue": "each level of bless"
          },
          "color": {
            "value": -12829636,
            "falpha": 0.0
          },
          "x": 226,
          "y": 93
        }
      },
      {
        "type": "label",
        "data": {
          "name": "label_ticks",
          "text": {
            "fixedValue": "(ticks)"
          },
          "color": {
            "value": -12829636,
            "falpha": 0.0
          },
          "x": 226,
          "y": 105
        }
      },
      {
        "type": "label",
        "data": {
          "name": "label_level05_level110",
          "text": {
            "fixedValue": "Level0:5 Level1:10"
          },
          "color": {
            "value": -12829636,
            "falpha": 0.0
          },
          "x": 226,
          "y": 117
        }
      },
      {
        "type": "label",
        "data": {
          "name": "label_level2_15_level320",
          "text": {
            "fixedValue": "Level2: 15 Level3:20"
          },
          "color": {
            "value": -12829636,
            "falpha": 0.0
          },
          "x": 226,
          "y": 129
        }
      },
      {
        "type": "label",
        "data": {
          "name": "label_level4_25_level530",
          "text": {
            "fixedValue": "Level4: 25 Level5:30"
          },
          "color": {
            "value": -12829636,
            "falpha": 0.0
          },
          "x": 226,
          "y": 142
        }
      },
      {
        "type": "label",
        "data": {
          "name": "label_activate_bless_40",
          "text": {
            "fixedValue": "Activate Bless: 40"
          },
          "color": {
            "value": -12829636,
            "falpha": 0.0
          },
          "x": 226,
          "y": 154
        }
      },
      {
        "type": "label",
        "data": {
          "name": "label_activate_bless_level2",
          "text": {
            "fixedValue": "Activate Bless Level2: "
          },
          "color": {
            "value": -12829636,
            "falpha": 0.0
          },
          "x": 226,
          "y": 166
        }
      },
      {
        "type": "label",
        "data": {
          "name": "label_30",
          "text": {
            "fixedValue": "30"
          },
          "color": {
            "value": -12829636,
            "falpha": 0.0
          },
          "x": 226,
          "y": 178
        }
      }
    ],
    "gridSettings": {
      "sx": 18,
      "sy": 18,
      "ox": 11,
      "oy": 15,
      "snapOnGrid": false
    }
  }
}