{
  "_fv": 60,
  "_type": "gui",
  "definition": {
    "type": 0,
    "width": 292,
    "height": 180,
    "inventoryOffsetX": 0,
    "inventoryOffsetY": 0,
    "renderBgLayer": false,
    "doesPauseGame": false,
    "components": [
      {
        "type": "image",
        "data": {
          "image": "tutorial_book.png",
          "use1Xscale": false,
          "x": 67,
          "y": 30
        }
      },
      {
        "type": "imagebutton",
        "data": {
          "name": "imagebutton_back_arrow",
          "image": "back_arrow.png",
          "hoveredImage": "back_arrow_activated.png",
          "onClick": {
            "name": "OpenBlessBookGui7"
          },
          "x": 67,
          "y": 210
        }
      },
      {
        "type": "imagebutton",
        "data": {
          "name": "imagebutton_next_arrow",
          "image": "next_arrow.png",
          "hoveredImage": "next_arrow_activate.png",
          "onClick": {
            "name": "OpenBlessBookGui9"
          },
          "x": 341,
          "y": 210
        }
      },
      {
        "type": "imagebutton",
        "data": {
          "name": "imagebutton_home_button",
          "image": "home_button.png",
          "hoveredImage": "home_button_activated.png",
          "onClick": {
            "name": "OpenBlessBookGui1"
          },
          "x": 205,
          "y": 210
        }
      },
      {
        "type": "label",
        "data": {
          "name": "label_the_following_recipes_are_all_br",
          "text": {
            "fixedValue": "The following recipes"
          },
          "color": {
            "value": -12829636,
            "falpha": 0.0
          },
          "x": 80,
          "y": 45
        }
      },
      {
        "type": "label",
        "data": {
          "name": "label_are_all_brewing",
          "text": {
            "fixedValue": "are all brewing"
          },
          "color": {
            "value": -12829636,
            "falpha": 0.0
          },
          "x": 81,
          "y": 57
        }
      },
      {
        "type": "label",
        "data": {
          "name": "label_imitation_holy_brick",
          "text": {
            "fixedValue": "Imitation Holy Brick+"
          },
          "color": {
            "value": -12829636,
            "falpha": 0.0
          },
          "x": 81,
          "y": 69
        }
      },
      {
        "type": "label",
        "data": {
          "name": "label_hastespeed",
          "text": {
            "fixedValue": "Haste=Speed"
          },
          "color": {
            "value": -12829636,
            "falpha": 0.0
          },
          "x": 82,
          "y": 81
        }
      },
      {
        "type": "label",
        "data": {
          "name": "label_holy_brickhaste",
          "text": {
            "fixedValue": "Holy Brick+Haste="
          },
          "color": {
            "value": -12829636,
            "falpha": 0.0
          },
          "x": 83,
          "y": 93
        }
      },
      {
        "type": "label",
        "data": {
          "name": "label_dolphins_grace",
          "text": {
            "fixedValue": "Dolphin's Grace"
          },
          "color": {
            "value": -12829636,
            "falpha": 0.0
          },
          "x": 83,
          "y": 105
        }
      },
      {
        "type": "label",
        "data": {
          "name": "label_imitation_holy_brick1",
          "text": {
            "fixedValue": "Imitation Holy Brick+"
          },
          "color": {
            "value": -12829636,
            "falpha": 0.0
          },
          "x": 82,
          "y": 117
        }
      },
      {
        "type": "label",
        "data": {
          "name": "label_speedslow_falling",
          "text": {
            "fixedValue": "Speed=Slow Falling"
          },
          "color": {
            "value": -12829636,
            "falpha": 0.0
          },
          "x": 83,
          "y": 129
        }
      },
      {
        "type": "label",
        "data": {
          "name": "label_holy_brickspeed",
          "text": {
            "fixedValue": "Holy Brick+Speed="
          },
          "color": {
            "value": -12829636,
            "falpha": 0.0
          },
          "x": 83,
          "y": 142
        }
      },
      {
        "type": "label",
        "data": {
          "name": "label_jump_boost",
          "text": {
            "fixedValue": "Jump Boost"
          },
          "color": {
            "value": -12829636,
            "falpha": 0.0
          },
          "x": 83,
          "y": 154
        }
      },
      {
        "type": "label",
        "data": {
          "name": "label_imitation_holy_brick2",
          "text": {
            "fixedValue": "Imitation Holy Brick+"
          },
          "color": {
            "value": -12829636,
            "falpha": 0.0
          },
          "x": 84,
          "y": 166
        }
      },
      {
        "type": "label",
        "data": {
          "name": "label_dolphins_grace1",
          "text": {
            "fixedValue": "Dolphin's Grace="
          },
          "color": {
            "value": -12829636,
            "falpha": 0.0
          },
          "x": 83,
          "y": 178
        }
      },
      {
        "type": "label",
        "data": {
          "name": "label_water_breathing",
          "text": {
            "fixedValue": "Water Breathing"
          },
          "color": {
            "value": -12829636,
            "falpha": 0.0
          },
          "x": 226,
          "y": 45
        }
      },
      {
        "type": "label",
        "data": {
          "name": "label_holy_brick",
          "text": {
            "fixedValue": "Holy Brick+"
          },
          "color": {
            "value": -12829636,
            "falpha": 0.0
          },
          "x": 226,
          "y": 57
        }
      },
      {
        "type": "label",
        "data": {
          "name": "label_dolphins_grace2",
          "text": {
            "fixedValue": "Dolphin's Grace="
          },
          "color": {
            "value": -12829636,
            "falpha": 0.0
          },
          "x": 226,
          "y": 69
        }
      },
      {
        "type": "label",
        "data": {
          "name": "label_conduit_power",
          "text": {
            "fixedValue": "Conduit Power"
          },
          "color": {
            "value": -12829636,
            "falpha": 0.0
          },
          "x": 226,
          "y": 81
        }
      },
      {
        "type": "label",
        "data": {
          "name": "label_imitation_holy_brick3",
          "text": {
            "fixedValue": "Imitation Holy Brick+"
          },
          "color": {
            "value": -12829636,
            "falpha": 0.0
          },
          "x": 227,
          "y": 93
        }
      },
      {
        "type": "label",
        "data": {
          "name": "label_activate_bless",
          "text": {
            "fixedValue": "Activate Bless="
          },
          "color": {
            "value": -12829636,
            "falpha": 0.0
          },
          "x": 226,
          "y": 105
        }
      },
      {
        "type": "label",
        "data": {
          "name": "label_instant_health",
          "text": {
            "fixedValue": "Instant Health"
          },
          "color": {
            "value": -12829636,
            "falpha": 0.0
          },
          "x": 226,
          "y": 117
        }
      },
      {
        "type": "label",
        "data": {
          "name": "label_holy_brick1",
          "text": {
            "fixedValue": "Holy Brick+"
          },
          "color": {
            "value": -12829636,
            "falpha": 0.0
          },
          "x": 226,
          "y": 129
        }
      },
      {
        "type": "label",
        "data": {
          "name": "label_activate_bless1",
          "text": {
            "fixedValue": "Activate Bless="
          },
          "color": {
            "value": -12829636,
            "falpha": 0.0
          },
          "x": 226,
          "y": 142
        }
      },
      {
        "type": "label",
        "data": {
          "name": "label_regeneration",
          "text": {
            "fixedValue": "Regeneration"
          },
          "color": {
            "value": -12829636,
            "falpha": 0.0
          },
          "x": 226,
          "y": 154
        }
      },
      {
        "type": "label",
        "data": {
          "name": "label_imitation_holy_brick4",
          "text": {
            "fixedValue": "Imitation Holy Brick+"
          },
          "color": {
            "value": -12829636,
            "falpha": 0.0
          },
          "x": 226,
          "y": 166
        }
      },
      {
        "type": "label",
        "data": {
          "name": "label_activate_bless_level2",
          "text": {
            "fixedValue": "Activate Bless Level2="
          },
          "color": {
            "value": -12829636,
            "falpha": 0.0
          },
          "x": 226,
          "y": 178
        }
      }
    ],
    "gridSettings": {
      "sx": 18,
      "sy": 18,
      "ox": 11,
      "oy": 15,
      "snapOnGrid": false
    }
  }
}