{
  "_fv": 60,
  "_type": "item",
  "definition": {
    "renderType": 0,
    "texture": "bone_of_elder_guardian_reset",
    "customModelName": "Normal",
    "customProperties": {},
    "states": [],
    "name": "Elder Guardian Bone",
    "rarity": "COMMON",
    "creativeTab": {
      "value": "CUSTOM:Dongdongdecailiao"
    },
    "stackSize": 64,
    "enchantability": 0,
    "useDuration": 0,
    "toolType": 0.0,
    "damageCount": 0,
    "recipeRemainder": {
      "value": ""
    },
    "destroyAnyBlock": false,
    "immuneToFire": false,
    "stayInGridWhenCrafting": false,
    "damageOnCrafting": false,
    "enableMeleeDamage": false,
    "damageVsEntity": 0.0,
    "specialInformation": {
      "fixedValue": [
        "拿着会让你觉得双手发酸"
      ]
    },
    "guiBoundTo": "<NONE>",
    "inventorySize": 9,
    "inventoryStackSize": 64,
    "onItemInUseTick": {
      "name": "BoneOfElderGuardianDangWuPinZaiShouShangMeiKeFaSheng"
    },
    "enableRanged": false,
    "shootConstantly": false,
    "isFood": false,
    "nutritionalValue": 0,
    "saturation": 0.30000001192092896,
    "eatResultItem": {
      "value": ""
    },
    "isMeat": false,
    "isAlwaysEdible": false,
    "animation": "eat"
  }
}