{
  "_fv": 60,
  "_type": "gui",
  "definition": {
    "type": 0,
    "width": 292,
    "height": 180,
    "inventoryOffsetX": 0,
    "inventoryOffsetY": 0,
    "renderBgLayer": false,
    "doesPauseGame": false,
    "components": [
      {
        "type": "image",
        "data": {
          "image": "tutorial_book.png",
          "use1Xscale": false,
          "x": 67,
          "y": 30
        }
      },
      {
        "type": "imagebutton",
        "data": {
          "name": "imagebutton_back_arrow",
          "image": "back_arrow.png",
          "hoveredImage": "back_arrow_activated.png",
          "onClick": {
            "name": "OpenBossBookGui6"
          },
          "x": 67,
          "y": 210
        }
      },
      {
        "type": "imagebutton",
        "data": {
          "name": "imagebutton_next_arrow",
          "image": "next_arrow.png",
          "hoveredImage": "next_arrow_activate.png",
          "onClick": {
            "name": "OpenBossBookGui8"
          },
          "x": 341,
          "y": 210
        }
      },
      {
        "type": "imagebutton",
        "data": {
          "name": "imagebutton_home_button",
          "image": "home_button.png",
          "hoveredImage": "home_button_activated.png",
          "onClick": {
            "name": "OpenBossBookGui1"
          },
          "x": 205,
          "y": 210
        }
      },
      {
        "type": "label",
        "data": {
          "name": "label_summoning_methodspend",
          "text": {
            "fixedValue": "Summoning method:spend"
          },
          "color": {
            "value": -12829636,
            "falpha": 0.0
          },
          "x": 82,
          "y": 45
        }
      },
      {
        "type": "label",
        "data": {
          "name": "label_200_gold_to_buy_seraph",
          "text": {
            "fixedValue": "200 gold to buy Seraph"
          },
          "color": {
            "value": -12829636,
            "falpha": 0.0
          },
          "x": 83,
          "y": 57
        }
      },
      {
        "type": "label",
        "data": {
          "name": "label_feather_from_seraph",
          "text": {
            "fixedValue": "Feather from Seraph,"
          },
          "color": {
            "value": -12829636,
            "falpha": 0.0
          },
          "x": 83,
          "y": 69
        }
      },
      {
        "type": "label",
        "data": {
          "name": "label_and_use_seraph_feather",
          "text": {
            "fixedValue": "and use Seraph Feather"
          },
          "color": {
            "value": -12829636,
            "falpha": 0.0
          },
          "x": 82,
          "y": 81
        }
      },
      {
        "type": "label",
        "data": {
          "name": "label_in_dongdongs_dimension",
          "text": {
            "fixedValue": "in Dongdong's Dimension"
          },
          "color": {
            "value": -12829636,
            "falpha": 0.0
          },
          "x": 80,
          "y": 93
        }
      },
      {
        "type": "label",
        "data": {
          "name": "label_health_in_easy_mode_is",
          "text": {
            "fixedValue": "Health in easy mode is"
          },
          "color": {
            "value": -12829636,
            "falpha": 0.0
          },
          "x": 84,
          "y": 105
        }
      },
      {
        "type": "label",
        "data": {
          "name": "label_40",
          "text": {
            "fixedValue": "40"
          },
          "color": {
            "value": -12829636,
            "falpha": 0.0
          },
          "x": 83,
          "y": 117
        }
      },
      {
        "type": "label",
        "data": {
          "name": "label_the_max_health_increase",
          "text": {
            "fixedValue": "the max Health increase"
          },
          "color": {
            "value": -12829636,
            "falpha": 0.0
          },
          "x": 81,
          "y": 129
        }
      },
      {
        "type": "label",
        "data": {
          "name": "label_multiplier_due_to_the",
          "text": {
            "fixedValue": "multiplier due to the"
          },
          "color": {
            "value": -12829636,
            "falpha": 0.0
          },
          "x": 83,
          "y": 142
        }
      },
      {
        "type": "label",
        "data": {
          "name": "label_number_of_players_in",
          "text": {
            "fixedValue": "number of players in"
          },
          "color": {
            "value": -12829636,
            "falpha": 0.0
          },
          "x": 84,
          "y": 154
        }
      },
      {
        "type": "label",
        "data": {
          "name": "label_this_dimension_is_8",
          "text": {
            "fixedValue": "this dimension is 8"
          },
          "color": {
            "value": -12829636,
            "falpha": 0.0
          },
          "x": 83,
          "y": 166
        }
      },
      {
        "type": "label",
        "data": {
          "name": "label_in_normal_mode_is_45",
          "text": {
            "fixedValue": "in normal mode is 45+"
          },
          "color": {
            "value": -12829636,
            "falpha": 0.0
          },
          "x": 84,
          "y": 178
        }
      },
      {
        "type": "label",
        "data": {
          "name": "label_number_of_players12",
          "text": {
            "fixedValue": "(number of players-1)*2"
          },
          "color": {
            "value": -12829636,
            "falpha": 0.0
          },
          "x": 225,
          "y": 45
        }
      },
      {
        "type": "label",
        "data": {
          "name": "label_in_hard_mode_is_50",
          "text": {
            "fixedValue": "in hard mode is 50+"
          },
          "color": {
            "value": -12829636,
            "falpha": 0.0
          },
          "x": 226,
          "y": 57
        }
      },
      {
        "type": "label",
        "data": {
          "name": "label_number_of_players13",
          "text": {
            "fixedValue": "(number of players-1)*3"
          },
          "color": {
            "value": -12829636,
            "falpha": 0.0
          },
          "x": 225,
          "y": 69
        }
      },
      {
        "type": "label",
        "data": {
          "name": "label_movement_speed03",
          "text": {
            "fixedValue": "movement speed0.3"
          },
          "color": {
            "value": -12829636,
            "falpha": 0.0
          },
          "x": 226,
          "y": 81
        }
      },
      {
        "type": "label",
        "data": {
          "name": "label_drop_experience300",
          "text": {
            "fixedValue": "drop experience300"
          },
          "color": {
            "value": -12829636,
            "falpha": 0.0
          },
          "x": 226,
          "y": 93
        }
      },
      {
        "type": "label",
        "data": {
          "name": "label_tracking_range64",
          "text": {
            "fixedValue": "tracking range64"
          },
          "color": {
            "value": -12829636,
            "falpha": 0.0
          },
          "x": 226,
          "y": 105
        }
      },
      {
        "type": "label",
        "data": {
          "name": "label_armor_value15",
          "text": {
            "fixedValue": "armor value15"
          },
          "color": {
            "value": -12829636,
            "falpha": 0.0
          },
          "x": 226,
          "y": 117
        }
      },
      {
        "type": "label",
        "data": {
          "name": "label_knockback_resistance08",
          "text": {
            "fixedValue": "knockback resistance0.8"
          },
          "color": {
            "value": -12829636,
            "falpha": 0.0
          },
          "x": 225,
          "y": 129
        }
      },
      {
        "type": "label",
        "data": {
          "name": "label_keep_destroying_the",
          "text": {
            "fixedValue": "Keep destroying the"
          },
          "color": {
            "value": -12829636,
            "falpha": 0.0
          },
          "x": 226,
          "y": 142
        }
      },
      {
        "type": "label",
        "data": {
          "name": "label_surrounding_blocks",
          "text": {
            "fixedValue": "surrounding blocks"
          },
          "color": {
            "value": -12829636,
            "falpha": 0.0
          },
          "x": 226,
          "y": 154
        }
      },
      {
        "type": "label",
        "data": {
          "name": "label_aim_at_the_player_to",
          "text": {
            "fixedValue": "Aim at the player to"
          },
          "color": {
            "value": -12829636,
            "falpha": 0.0
          },
          "x": 226,
          "y": 166
        }
      },
      {
        "type": "label",
        "data": {
          "name": "label_launch_the_light_ball",
          "text": {
            "fixedValue": "launch the light ball"
          },
          "color": {
            "value": -12829636,
            "falpha": 0.0
          },
          "x": 226,
          "y": 178
        }
      }
    ],
    "gridSettings": {
      "sx": 18,
      "sy": 18,
      "ox": 11,
      "oy": 15,
      "snapOnGrid": false
    }
  }
}