{
  "_fv": 60,
  "_type": "gui",
  "definition": {
    "type": 0,
    "width": 292,
    "height": 180,
    "inventoryOffsetX": 0,
    "inventoryOffsetY": 0,
    "renderBgLayer": false,
    "doesPauseGame": false,
    "components": [
      {
        "type": "image",
        "data": {
          "image": "tutorial_book.png",
          "use1Xscale": false,
          "x": 67,
          "y": 30
        }
      },
      {
        "type": "imagebutton",
        "data": {
          "name": "imagebutton_back_arrow",
          "image": "back_arrow.png",
          "hoveredImage": "back_arrow_activated.png",
          "onClick": {
            "name": "OpenBossBookGui1"
          },
          "x": 67,
          "y": 210
        }
      },
      {
        "type": "imagebutton",
        "data": {
          "name": "imagebutton_next_arrow",
          "image": "next_arrow.png",
          "hoveredImage": "next_arrow_activate.png",
          "onClick": {
            "name": "OpenBossBookGui3"
          },
          "x": 341,
          "y": 210
        }
      },
      {
        "type": "imagebutton",
        "data": {
          "name": "imagebutton_home_button",
          "image": "home_button.png",
          "hoveredImage": "home_button_activated.png",
          "onClick": {
            "name": "OpenBossBookGui1"
          },
          "x": 205,
          "y": 210
        }
      },
      {
        "type": "label",
        "data": {
          "name": "label_summoning_method",
          "text": {
            "fixedValue": "Summoning method:"
          },
          "color": {
            "value": -12829636,
            "falpha": 0.0
          },
          "x": 82,
          "y": 45
        }
      },
      {
        "type": "label",
        "data": {
          "name": "label_use_generate_living",
          "text": {
            "fixedValue": "Use Generate Living"
          },
          "color": {
            "value": -12829636,
            "falpha": 0.0
          },
          "x": 83,
          "y": 57
        }
      },
      {
        "type": "label",
        "data": {
          "name": "label_puppet_arena_in_the",
          "text": {
            "fixedValue": "Doll Arena in the"
          },
          "color": {
            "value": -12829636,
            "falpha": 0.0
          },
          "x": 83,
          "y": 69
        }
      },
      {
        "type": "label",
        "data": {
          "name": "label_dongdongs_dimension",
          "text": {
            "fixedValue": "Dongdong's Dimension"
          },
          "color": {
            "value": -12829636,
            "falpha": 0.0
          },
          "x": 83,
          "y": 81
        }
      },
      {
        "type": "label",
        "data": {
          "name": "label_use_dongdongs_favorite",
          "text": {
            "fixedValue": "Use Dongdong's favorite"
          },
          "color": {
            "value": -12829636,
            "falpha": 0.0
          },
          "x": 81,
          "y": 93
        }
      },
      {
        "type": "label",
        "data": {
          "name": "label_disc_on_the_altar_in",
          "text": {
            "fixedValue": "disc on the altar in"
          },
          "color": {
            "value": -12829636,
            "falpha": 0.0
          },
          "x": 83,
          "y": 105
        }
      },
      {
        "type": "label",
        "data": {
          "name": "label_the_middle_of_the_arena",
          "text": {
            "fixedValue": "the middle of the arena"
          },
          "color": {
            "value": -12829636,
            "falpha": 0.0
          },
          "x": 81,
          "y": 117
        }
      },
      {
        "type": "label",
        "data": {
          "name": "label_recipeo_e_o",
          "text": {
            "fixedValue": "recipe:O E O"
          },
          "color": {
            "value": -12829636,
            "falpha": 0.0
          },
          "x": 82,
          "y": 129
        }
      },
      {
        "type": "label",
        "data": {
          "name": "label_o_e_o",
          "text": {
            "fixedValue": "O E O"
          },
          "color": {
            "value": -12829636,
            "falpha": 0.0
          },
          "x": 115,
          "y": 142
        }
      },
      {
        "type": "label",
        "data": {
          "name": "label_o_e_o1",
          "text": {
            "fixedValue": "O E O"
          },
          "color": {
            "value": -12829636,
            "falpha": 0.0
          },
          "x": 115,
          "y": 154
        }
      },
      {
        "type": "label",
        "data": {
          "name": "label_oobsidian",
          "text": {
            "fixedValue": "O=Obsidian"
          },
          "color": {
            "value": -12829636,
            "falpha": 0.0
          },
          "x": 147,
          "y": 154
        }
      },
      {
        "type": "label",
        "data": {
          "name": "label_eexplosionprotection",
          "text": {
            "fixedValue": "E=Explosionprotection"
          },
          "color": {
            "value": -12829636,
            "falpha": 0.0
          },
          "x": 84,
          "y": 166
        }
      },
      {
        "type": "label",
        "data": {
          "name": "label_glass",
          "text": {
            "fixedValue": "Glass"
          },
          "color": {
            "value": -12829636,
            "falpha": 0.0
          },
          "x": 84,
          "y": 178
        }
      },
      {
        "type": "label",
        "data": {
          "name": "label_movement_speed",
          "text": {
            "fixedValue": "movement speed0.4"
          },
          "color": {
            "value": -12829636,
            "falpha": 0.0
          },
          "x": 227,
          "y": 45
        }
      },
      {
        "type": "label",
        "data": {
          "name": "label_step_hight",
          "text": {
            "fixedValue": "step hight0.6"
          },
          "color": {
            "value": -12829636,
            "falpha": 0.0
          },
          "x": 227,
          "y": 57
        }
      },
      {
        "type": "label",
        "data": {
          "name": "label_health_in_easy_mode_is_60",
          "text": {
            "fixedValue": "Health in easy mode is"
          },
          "color": {
            "value": -12829636,
            "falpha": 0.0
          },
          "x": 227,
          "y": 69
        }
      },
      {
        "type": "label",
        "data": {
          "name": "label_60",
          "text": {
            "fixedValue": "60"
          },
          "color": {
            "value": -12829636,
            "falpha": 0.0
          },
          "x": 227,
          "y": 81
        }
      },
      {
        "type": "label",
        "data": {
          "name": "label_the_max_health_increase",
          "text": {
            "fixedValue": "the max Health increase"
          },
          "color": {
            "value": -12829636,
            "falpha": 0.0
          },
          "x": 225,
          "y": 93
        }
      },
      {
        "type": "label",
        "data": {
          "name": "label_multiplier_due_to_the",
          "text": {
            "fixedValue": "multiplier due to the"
          },
          "color": {
            "value": -12829636,
            "falpha": 0.0
          },
          "x": 226,
          "y": 105
        }
      },
      {
        "type": "label",
        "data": {
          "name": "label_number_of_players_in",
          "text": {
            "fixedValue": "number of players in"
          },
          "color": {
            "value": -12829636,
            "falpha": 0.0
          },
          "x": 226,
          "y": 117
        }
      },
      {
        "type": "label",
        "data": {
          "name": "label_this_dimension_is_8",
          "text": {
            "fixedValue": "this dimension is 8"
          },
          "color": {
            "value": -12829636,
            "falpha": 0.0
          },
          "x": 226,
          "y": 129
        }
      },
      {
        "type": "label",
        "data": {
          "name": "label_in_normal_mode_is_80",
          "text": {
            "fixedValue": "in normal mode is 80+"
          },
          "color": {
            "value": -12829636,
            "falpha": 0.0
          },
          "x": 226,
          "y": 142
        }
      },
      {
        "type": "label",
        "data": {
          "name": "label_number_of_players13",
          "text": {
            "fixedValue": "(number of players-1)*3"
          },
          "color": {
            "value": -12829636,
            "falpha": 0.0
          },
          "x": 225,
          "y": 154
        }
      },
      {
        "type": "label",
        "data": {
          "name": "label_in_hard_mode_is_100",
          "text": {
            "fixedValue": "in hard mode is 100+"
          },
          "color": {
            "value": -12829636,
            "falpha": 0.0
          },
          "x": 226,
          "y": 166
        }
      },
      {
        "type": "label",
        "data": {
          "name": "label_number_of_players15",
          "text": {
            "fixedValue": "(number of players-1)*5"
          },
          "color": {
            "value": -12829636,
            "falpha": 0.0
          },
          "x": 226,
          "y": 178
        }
      },
      {
        "type": "label",
        "data": {
          "name": "label_suitable_for_dispenser",
          "text": {
            "fixedValue": "Suitable for Dispenser"
          },
          "color": {
            "value": -12829636,
            "falpha": 0.0
          },
          "x": 84,
          "y": 190
        }
      },
      {
        "type": "label",
        "data": {
          "name": "label_the_structure_can_spawn_at",
          "text": {
            "fixedValue": "The structure can spawn at"
          },
          "color": {
            "value": -12829636,
            "falpha": 0.0
          },
          "x": 69,
          "y": 35
        }
      },
      {
        "type": "label",
        "data": {
          "name": "label_the_surface_of_dongdong_dimensio",
          "text": {
            "fixedValue": "the surface of Dongdong Dimension"
          },
          "color": {
            "value": -12829636,
            "falpha": 0.0
          },
          "x": 213,
          "y": 35
        }
      }
    ],
    "gridSettings": {
      "sx": 18,
      "sy": 18,
      "ox": 11,
      "oy": 15,
      "snapOnGrid": true
    }
  }
}