{
  "_fv": 60,
  "_type": "tool",
  "definition": {
    "toolType": "Shears",
    "renderType": 0,
    "blockingRenderType": 0,
    "texture": "bronze_shears",
    "customModelName": "Normal",
    "blockingModelName": "Normal blocking",
    "name": "Bronze Shears",
    "specialInformation": {
      "fixedValue": []
    },
    "creativeTab": {
      "value": "CUSTOM:Dongdongtool"
    },
    "harvestLevel": 1,
    "efficiency": 6.0,
    "attackSpeed": 1.0,
    "enchantability": 14,
    "damageVsEntity": 4.0,
    "usageCount": 250,
    "blocksAffected": [],
    "repairItems": [],
    "immuneToFire": false,
    "stayInGridWhenCrafting": true,
    "damageOnCrafting": true,
    "onEntityHitWith": {
      "name": "BronzeAxeDangShiTiBeiGongJuJiZhongShi"
    }
  }
}