{
  "_fv": 60,
  "_type": "overlay",
  "definition": {
    "priority": "NORMAL",
    "components": [
      {
        "type": "image",
        "data": {
          "image": "chaos_effect_overlay.png",
          "use1Xscale": false,
          "anchorPoint": "CENTER",
          "x": 1,
          "y": -1
        }
      }
    ],
    "baseTexture": "",
    "overlayTarget": "Ingame",
    "displayCondition": {
      "name": "ChaosPotionOverlayXianShiYouXiNeiDieJiaCeng"
    },
    "gridSettings": {
      "sx": 18,
      "sy": 18,
      "ox": 11,
      "oy": 15,
      "snapOnGrid": false
    }
  }
}