{
  "_fv": 60,
  "_type": "recipe",
  "definition": {
    "recipeType": "Crafting",
    "recipeRetstackSize": 1,
    "group": "",
    "cookingBookCategory": "MISC",
    "xpReward": 0.0,
    "cookingTime": 200,
    "craftingBookCategory": "EQUIPMENT",
    "recipeShapeless": true,
    "recipeSlots": [
      {
        "value": "CUSTOM:CobaltPickaxe"
      },
      {
        "value": "CUSTOM:CobaltAxe"
      },
      {
        "value": "CUSTOM:CobaltHoe"
      },
      {
        "value": "CUSTOM:CobaltShovel"
      },
      {
        "value": ""
      },
      {
        "value": ""
      },
      {
        "value": ""
      },
      {
        "value": ""
      },
      {
        "value": ""
      }
    ],
    "recipeReturnStack": {
      "value": "CUSTOM:CobaltMulti"
    },
    "name": "cobalt_multi_recipe",
    "namespace": "mod"
  }
}