{
  "_fv": 60,
  "_type": "tool",
  "definition": {
    "toolType": "Hoe",
    "renderType": 0,
    "blockingRenderType": 0,
    "texture": "constantan_hoe",
    "customModelName": "Normal",
    "blockingModelName": "Normal blocking",
    "name": "Constantan Hoe",
    "specialInformation": {
      "fixedValue": []
    },
    "creativeTab": {
      "value": "CUSTOM:Dongdongtool"
    },
    "harvestLevel": 2,
    "efficiency": 6.0,
    "attackSpeed": 3.2,
    "enchantability": 14,
    "damageVsEntity": 1.0,
    "usageCount": 250,
    "blocksAffected": [],
    "glowCondition": {
      "fixedValue": false
    },
    "repairItems": [
      {
        "value": "CUSTOM:ConstantanIngot"
      }
    ],
    "immuneToFire": false,
    "stayInGridWhenCrafting": false,
    "damageOnCrafting": false,
    "onEntityHitWith": {
      "name": "ConstantanHoeDangShiTiBeiGongJuJiZhongShi"
    }
  }
}