{
  "_fv": 60,
  "_type": "recipe",
  "definition": {
    "recipeType": "Crafting",
    "recipeRetstackSize": 1,
    "group": "",
    "cookingBookCategory": "MISC",
    "xpReward": 0.0,
    "cookingTime": 200,
    "craftingBookCategory": "BUILDING",
    "recipeShapeless": false,
    "recipeSlots": [
      {
        "value": "CUSTOM:WhiteShrapnelIngot"
      },
      {
        "value": "CUSTOM:WhiteShrapnelIngot"
      },
      {
        "value": "CUSTOM:WhiteShrapnelIngot"
      },
      {
        "value": "CUSTOM:WhiteShrapnelIngot"
      },
      {
        "value": "CUSTOM:WhiteShrapnelIngot"
      },
      {
        "value": "CUSTOM:WhiteShrapnelIngot"
      },
      {
        "value": "CUSTOM:WhiteShrapnelIngot"
      },
      {
        "value": "CUSTOM:WhiteShrapnelIngot"
      },
      {
        "value": "CUSTOM:WhiteShrapnelIngot"
      }
    ],
    "recipeReturnStack": {
      "value": "CUSTOM:WhitesherryBlock"
    },
    "name": "craft_whitesherry_block",
    "namespace": "mod"
  }
}