{
  "_fv": 60,
  "_type": "recipe",
  "definition": {
    "recipeType": "Crafting",
    "recipeRetstackSize": 1,
    "group": "",
    "cookingBookCategory": "MISC",
    "xpReward": 0.0,
    "cookingTime": 200,
    "craftingBookCategory": "BUILDING",
    "recipeShapeless": false,
    "recipeSlots": [
      {
        "value": "CUSTOM:UraniumIngot"
      },
      {
        "value": "CUSTOM:UraniumIngot"
      },
      {
        "value": "CUSTOM:UraniumIngot"
      },
      {
        "value": "CUSTOM:UraniumIngot"
      },
      {
        "value": "CUSTOM:UraniumIngot"
      },
      {
        "value": "CUSTOM:UraniumIngot"
      },
      {
        "value": "CUSTOM:UraniumIngot"
      },
      {
        "value": "CUSTOM:UraniumIngot"
      },
      {
        "value": "CUSTOM:UraniumIngot"
      }
    ],
    "recipeReturnStack": {
      "value": "CUSTOM:UraniumBlock"
    },
    "name": "craft_uranium_block",
    "namespace": "mod"
  }
}