{
  "_fv": 60,
  "_type": "achievement",
  "definition": {
    "achievementName": "Taking Inventory",
    "achievementDescription": "Press 'E' to open your inventory",
    "achievementIcon": {
      "value": "Items.BOOK"
    },
    "background": "Default",
    "disableDisplay": false,
    "showPopup": true,
    "announceToChat": true,
    "hideIfNotCompleted": false,
    "rewardLoot": [],
    "rewardRecipes": [],
    "rewardFunction": "No function",
    "rewardXP": 1,
    "achievementType": "task",
    "parent": {
      "value": "No parent: root"
    },
    "triggerxml": "<?xml version=\"1.0\" encoding=\"UTF-8\" standalone=\"no\"?><xml xmlns=\"https://developers.google.com/blockly/xml\"><block deletable=\"false\" type=\"advancement_trigger\" x=\"40\" y=\"80\"><next><block type=\"tick\" x=\"22\" y=\"-26\"/></next></block></xml>"
  }
}