{
  "_fv": 60,
  "_type": "achievement",
  "definition": {
    "achievementName": "Incremental damage that can be stacked with strength buff",
    "achievementDescription": "Drink the tungstensteel potion",
    "achievementIcon": {
      "value": "CUSTOM:Wugangding"
    },
    "background": "Default",
    "disableDisplay": false,
    "showPopup": true,
    "announceToChat": true,
    "hideIfNotCompleted": false,
    "rewardLoot": [],
    "rewardRecipes": [],
    "rewardFunction": "No function",
    "rewardXP": 1,
    "achievementType": "task",
    "parent": {
      "value": "CUSTOM:TungstenSteelngotAdvancement"
    },
    "triggerxml": "<?xml version=\"1.0\" encoding=\"UTF-8\" standalone=\"no\"?><xml xmlns=\"https://developers.google.com/blockly/xml\"><block deletable=\"false\" type=\"advancement_trigger\" x=\"40\" y=\"80\"><next><block type=\"custom_trigger\" x=\"33\" y=\"177\"/></next></block></xml>"
  }
}