{
  "_fv": 60,
  "_type": "gui",
  "definition": {
    "type": 0,
    "width": 176,
    "height": 166,
    "inventoryOffsetX": 0,
    "inventoryOffsetY": 0,
    "renderBgLayer": true,
    "doesPauseGame": false,
    "components": [
      {
        "type": "label",
        "data": {
          "name": "label_varintegeriodine_power_level",
          "text": {
            "fixedValue": "<VAR:integer:iodine_power_level>",
            "name": "VAR_integer_iodine_power_level"
          },
          "color": {
            "value": -16777216,
            "falpha": 0.0
          },
          "x": 222,
          "y": 44
        }
      },
      {
        "type": "label",
        "data": {
          "name": "label_dian_neng_deng_ji",
          "text": {
            "fixedValue": "IodinePowerLevel:"
          },
          "color": {
            "value": -16777216,
            "falpha": 0.0
          },
          "x": 132,
          "y": 44
        }
      },
      {
        "type": "label",
        "data": {
          "name": "label_varwell_wisher_level",
          "text": {
            "fixedValue": "<VAR:well_wisher_level>",
            "name": "VAR_well_wisher_leve"
          },
          "color": {
            "value": -16777216,
            "falpha": 0.0
          },
          "x": 222,
          "y": 62
        }
      },
      {
        "type": "label",
        "data": {
          "name": "label_zhu_fu_deng_ji",
          "text": {
            "fixedValue": "WellWisherLevel:"
          },
          "color": {
            "value": -16777216,
            "falpha": 0.0
          },
          "x": 132,
          "y": 62
        }
      },
      {
        "type": "label",
        "data": {
          "name": "label_varskills_of_iodine",
          "text": {
            "fixedValue": "<VAR:Skills_of_iodine>",
            "name": "VAR_Skills_of_iodine"
          },
          "color": {
            "value": -16777216,
            "falpha": 0.0
          },
          "x": 222,
          "y": 80
        }
      },
      {
        "type": "label",
        "data": {
          "name": "label_ji_neng_dian",
          "text": {
            "fixedValue": "SkillsIodine:"
          },
          "color": {
            "value": -16777216,
            "falpha": 0.0
          },
          "x": 132,
          "y": 80
        }
      },
      {
        "type": "label",
        "data": {
          "name": "label_varsing_progression",
          "text": {
            "fixedValue": "<VAR:sing_progression>",
            "name": "VAR_sing_progression"
          },
          "color": {
            "value": -16777216,
            "falpha": 0.0
          },
          "x": 222,
          "y": 98
        }
      },
      {
        "type": "label",
        "data": {
          "name": "label_yin_chang_shou_lian_du",
          "text": {
            "fixedValue": "SingProgression:"
          },
          "color": {
            "value": -16777216,
            "falpha": 0.0
          },
          "x": 132,
          "y": 98
        }
      }
    ],
    "gridSettings": {
      "sx": 18,
      "sy": 18,
      "ox": 11,
      "oy": 15,
      "snapOnGrid": true
    }
  }
}