{
  "_fv": 60,
  "_type": "recipe",
  "definition": {
    "recipeType": "Crafting",
    "recipeRetstackSize": 1,
    "group": "",
    "cookingBookCategory": "MISC",
    "xpReward": 0.0,
    "cookingTime": 200,
    "craftingBookCategory": "MISC",
    "recipeShapeless": false,
    "recipeSlots": [
      {
        "value": "Blocks.WOOL"
      },
      {
        "value": "Items.LEATHER"
      },
      {
        "value": "Blocks.WOOL"
      },
      {
        "value": "Blocks.WOOL"
      },
      {
        "value": "Blocks.CHEST"
      },
      {
        "value": "Blocks.WOOL"
      },
      {
        "value": "Blocks.WOOL"
      },
      {
        "value": "Blocks.WOOL"
      },
      {
        "value": "Blocks.WOOL"
      }
    ],
    "recipeReturnStack": {
      "value": "CUSTOM:Dongdongbag"
    },
    "name": "bag_1",
    "namespace": "mod"
  }
}