{
  "_fv": 60,
  "_type": "gui",
  "definition": {
    "type": 0,
    "width": 292,
    "height": 180,
    "inventoryOffsetX": 0,
    "inventoryOffsetY": 0,
    "renderBgLayer": false,
    "doesPauseGame": false,
    "components": [
      {
        "type": "image",
        "data": {
          "image": "tutorial_book.png",
          "use1Xscale": false,
          "x": 67,
          "y": 30
        }
      },
      {
        "type": "imagebutton",
        "data": {
          "name": "imagebutton_next_arrow",
          "image": "next_arrow.png",
          "hoveredImage": "next_arrow_activate.png",
          "onClick": {
            "name": "OpenBlessBookGui2"
          },
          "x": 341,
          "y": 210
        }
      },
      {
        "type": "label",
        "data": {
          "name": "label_p1_1mob_iodine",
          "text": {
            "fixedValue": "p1 1.mob iodine"
          },
          "color": {
            "value": -12829636,
            "falpha": 0.0
          },
          "x": 80,
          "y": 45
        }
      },
      {
        "type": "imagebutton",
        "data": {
          "name": "imagebutton_underline_blank",
          "image": "underline_blank.png",
          "hoveredImage": "underline.png",
          "onClick": {
            "name": "OpenBlessBookGui2"
          },
          "x": 80,
          "y": 45
        }
      },
      {
        "type": "label",
        "data": {
          "name": "label_p1_2iodine_power_altar",
          "text": {
            "fixedValue": "p1 2.Iodine Power Altar"
          },
          "color": {
            "value": -12829636,
            "falpha": 0.0
          },
          "x": 80,
          "y": 57
        }
      },
      {
        "type": "imagebutton",
        "data": {
          "name": "imagebutton_underline_blank1",
          "image": "underline_blank.png",
          "hoveredImage": "underline.png",
          "onClick": {
            "name": "OpenBlessBookGui2"
          },
          "x": 80,
          "y": 57
        }
      },
      {
        "type": "label",
        "data": {
          "name": "label_p1_3skill_iodine",
          "text": {
            "fixedValue": "p2 3.skill iodine"
          },
          "color": {
            "value": -12829636,
            "falpha": 0.0
          },
          "x": 80,
          "y": 69
        }
      },
      {
        "type": "imagebutton",
        "data": {
          "name": "imagebutton_underline_blank2",
          "image": "underline_blank.png",
          "hoveredImage": "underline.png",
          "onClick": {
            "name": "OpenBlessBookGui3"
          },
          "x": 80,
          "y": 69
        }
      },
      {
        "type": "label",
        "data": {
          "name": "label_p2_4iodine_power_level",
          "text": {
            "fixedValue": "p2 4.iodine power level"
          },
          "color": {
            "value": -12829636,
            "falpha": 0.0
          },
          "x": 80,
          "y": 81
        }
      },
      {
        "type": "imagebutton",
        "data": {
          "name": "imagebutton_underline_blank3",
          "image": "underline_blank.png",
          "hoveredImage": "underline.png",
          "onClick": {
            "name": "OpenBlessBookGui3"
          },
          "x": 80,
          "y": 81
        }
      },
      {
        "type": "label",
        "data": {
          "name": "label_p3_5iodine_crystal_cluster",
          "text": {
            "fixedValue": "p3 5.Iodine crystal"
          },
          "color": {
            "value": -12829636,
            "falpha": 0.0
          },
          "x": 80,
          "y": 93
        }
      },
      {
        "type": "label",
        "data": {
          "name": "label_cluster",
          "text": {
            "fixedValue": "cluster"
          },
          "color": {
            "value": -12829636,
            "falpha": 0.0
          },
          "x": 81,
          "y": 105
        }
      },
      {
        "type": "imagebutton",
        "data": {
          "name": "imagebutton_underline_blank4",
          "image": "underline_blank.png",
          "hoveredImage": "underline.png",
          "onClick": {
            "name": "OpenBlessBookGui4"
          },
          "x": 80,
          "y": 93
        }
      },
      {
        "type": "imagebutton",
        "data": {
          "name": "imagebutton_underline_blank5",
          "image": "underline_blank.png",
          "hoveredImage": "underline.png",
          "onClick": {
            "name": "OpenBlessBookGui4"
          },
          "x": 80,
          "y": 105
        }
      },
      {
        "type": "label",
        "data": {
          "name": "label_p3_6well_wisher_level",
          "text": {
            "fixedValue": "p3 6.well wisher level"
          },
          "color": {
            "value": -12829636,
            "falpha": 0.0
          },
          "x": 82,
          "y": 117
        }
      },
      {
        "type": "imagebutton",
        "data": {
          "name": "imagebutton_underline_blank6",
          "image": "underline_blank.png",
          "hoveredImage": "underline.png",
          "onClick": {
            "name": "OpenBlessBookGui4"
          },
          "x": 81,
          "y": 117
        }
      },
      {
        "type": "label",
        "data": {
          "name": "label_p4_7iodine_professional_clergy",
          "text": {
            "fixedValue": "p4 7.Iodine"
          },
          "color": {
            "value": -12829636,
            "falpha": 0.0
          },
          "x": 82,
          "y": 129
        }
      },
      {
        "type": "label",
        "data": {
          "name": "label_professional_clergyman",
          "text": {
            "fixedValue": "Professional Clergyman"
          },
          "color": {
            "value": -12829636,
            "falpha": 0.0
          },
          "x": 83,
          "y": 142
        }
      },
      {
        "type": "imagebutton",
        "data": {
          "name": "imagebutton_underline_blank7",
          "image": "underline_blank.png",
          "hoveredImage": "underline.png",
          "onClick": {
            "name": "OpenBlessBookGui5"
          },
          "x": 81,
          "y": 129
        }
      },
      {
        "type": "imagebutton",
        "data": {
          "name": "imagebutton_underline_blank8",
          "image": "underline_blank.png",
          "hoveredImage": "underline.png",
          "onClick": {
            "name": "OpenBlessBookGui5"
          },
          "x": 80,
          "y": 142
        }
      },
      {
        "type": "label",
        "data": {
          "name": "label_p5_8holy_brick",
          "text": {
            "fixedValue": "p5 8.Holy Brick"
          },
          "color": {
            "value": -12829636,
            "falpha": 0.0
          },
          "x": 83,
          "y": 154
        }
      },
      {
        "type": "imagebutton",
        "data": {
          "name": "imagebutton_underline_blank9",
          "image": "underline_blank.png",
          "hoveredImage": "underline.png",
          "onClick": {
            "name": "OpenBlessBookGui6"
          },
          "x": 81,
          "y": 154
        }
      },
      {
        "type": "label",
        "data": {
          "name": "label_p6_9activate_bless",
          "text": {
            "fixedValue": "p6 9.Activate Bless"
          },
          "color": {
            "value": -12829636,
            "falpha": 0.0
          },
          "x": 83,
          "y": 166
        }
      },
      {
        "type": "imagebutton",
        "data": {
          "name": "imagebutton_underline_blank10",
          "image": "underline_blank.png",
          "hoveredImage": "underline.png",
          "onClick": {
            "name": "OpenBlessBookGui7"
          },
          "x": 81,
          "y": 166
        }
      },
      {
        "type": "label",
        "data": {
          "name": "label_p7_10bless_recipe",
          "text": {
            "fixedValue": "p7 10.Bless recipe"
          },
          "color": {
            "value": -12829636,
            "falpha": 0.0
          },
          "x": 83,
          "y": 178
        }
      },
      {
        "type": "imagebutton",
        "data": {
          "name": "imagebutton_underline_blank11",
          "image": "underline_blank.png",
          "hoveredImage": "underline.png",
          "onClick": {
            "name": "OpenBlessBookGui8"
          },
          "x": 81,
          "y": 178
        }
      },
      {
        "type": "label",
        "data": {
          "name": "label_p9_11blue_power",
          "text": {
            "fixedValue": "p9 11.Blue power"
          },
          "color": {
            "value": -12829636,
            "falpha": 0.0
          },
          "x": 227,
          "y": 45
        }
      },
      {
        "type": "imagebutton",
        "data": {
          "name": "imagebutton_underline_blank12",
          "image": "underline_blank.png",
          "hoveredImage": "underline.png",
          "onClick": {
            "name": "OpenBlessBookGui10"
          },
          "x": 226,
          "y": 45
        }
      },
      {
        "type": "label",
        "data": {
          "name": "label_p9_12sing",
          "text": {
            "fixedValue": "p9 12.Sing"
          },
          "color": {
            "value": -12829636,
            "falpha": 0.0
          },
          "x": 227,
          "y": 57
        }
      },
      {
        "type": "imagebutton",
        "data": {
          "name": "imagebutton_underline_blank13",
          "image": "underline_blank.png",
          "hoveredImage": "underline.png",
          "onClick": {
            "name": "OpenBlessBookGui10"
          },
          "x": 226,
          "y": 57
        }
      },
      {
        "type": "label",
        "data": {
          "name": "label_p10_13adding_points",
          "text": {
            "fixedValue": "p10 13.Adding Points "
          },
          "color": {
            "value": -12829636,
            "falpha": 0.0
          },
          "x": 227,
          "y": 69
        }
      },
      {
        "type": "label",
        "data": {
          "name": "label_table",
          "text": {
            "fixedValue": "Table"
          },
          "color": {
            "value": -12829636,
            "falpha": 0.0
          },
          "x": 227,
          "y": 81
        }
      },
      {
        "type": "imagebutton",
        "data": {
          "name": "imagebutton_underline_blank14",
          "image": "underline_blank.png",
          "hoveredImage": "underline.png",
          "onClick": {
            "name": "OpenBlessBookGui11"
          },
          "x": 226,
          "y": 69
        }
      },
      {
        "type": "imagebutton",
        "data": {
          "name": "imagebutton_underline_blank15",
          "image": "underline_blank.png",
          "hoveredImage": "underline.png",
          "onClick": {
            "name": "OpenBlessBookGui11"
          },
          "x": 226,
          "y": 81
        }
      },
      {
        "type": "label",
        "data": {
          "name": "label_p11_14belief_point",
          "text": {
            "fixedValue": "p11 14.Belief point"
          },
          "color": {
            "value": -12829636,
            "falpha": 0.0
          },
          "x": 227,
          "y": 93
        }
      },
      {
        "type": "imagebutton",
        "data": {
          "name": "imagebutton_underline_blank16",
          "image": "underline_blank.png",
          "hoveredImage": "underline.png",
          "onClick": {
            "name": "OpenBlessBookGui12"
          },
          "x": 226,
          "y": 93
        }
      },
      {
        "type": "label",
        "data": {
          "name": "label_p11_15faith_point",
          "text": {
            "fixedValue": "p11 15.Faith point"
          },
          "color": {
            "value": -12829636,
            "falpha": 0.0
          },
          "x": 227,
          "y": 105
        }
      },
      {
        "type": "imagebutton",
        "data": {
          "name": "imagebutton_underline_blank17",
          "image": "underline_blank.png",
          "hoveredImage": "underline.png",
          "onClick": {
            "name": "OpenBlessBookGui12"
          },
          "x": 226,
          "y": 105
        }
      },
      {
        "type": "label",
        "data": {
          "name": "label_p12_16blesscommand",
          "text": {
            "fixedValue": "p12 16.Bless command"
          },
          "color": {
            "value": -12829636,
            "falpha": 0.0
          },
          "x": 227,
          "y": 116
        }
      },
      {
        "type": "imagebutton",
        "data": {
          "name": "imagebutton_underline_blank18",
          "image": "underline_blank.png",
          "hoveredImage": "underline.png",
          "onClick": {
            "name": "OpenBlessBookGui13"
          },
          "x": 226,
          "y": 117
        }
      }
    ],
    "gridSettings": {
      "sx": 18,
      "sy": 18,
      "ox": 11,
      "oy": 15,
      "snapOnGrid": false
    }
  }
}