{
  "_fv": 60,
  "_type": "overlay",
  "definition": {
    "priority": "NORMAL",
    "components": [
      {
        "type": "image",
        "data": {
          "image": "frame_overlay.png",
          "use1Xscale": false,
          "anchorPoint": "CENTER",
          "x": 1,
          "y": 1
        }
      },
      {
        "type": "label",
        "data": {
          "name": "label_varblue_power_display",
          "text": {
            "fixedValue": "<VAR:blue_power_display>",
            "name": "VAR_blue_power_display"
          },
          "color": {
            "value": -16777216,
            "falpha": 0.0
          },
          "anchorPoint": "CENTER",
          "x": 11,
          "y": 3
        }
      },
      {
        "type": "label",
        "data": {
          "name": "label_empty",
          "text": {
            "fixedValue": "/"
          },
          "color": {
            "value": -16777216,
            "falpha": 0.0
          },
          "anchorPoint": "CENTER",
          "x": 9,
          "y": 11
        }
      },
      {
        "type": "label",
        "data": {
          "name": "label_varintegermax_blue_power",
          "text": {
            "fixedValue": "<VAR:integer:max_blue_power>",
            "name": "VAR_integer_max_blue_power"
          },
          "color": {
            "value": -16777216,
            "falpha": 0.0
          },
          "anchorPoint": "CENTER",
          "x": 15,
          "y": 11
        }
      },
      {
        "type": "image",
        "data": {
          "image": "blue_power.png",
          "use1Xscale": false,
          "anchorPoint": "CENTER",
          "x": -2,
          "y": 2
        }
      }
    ],
    "baseTexture": "",
    "overlayTarget": "Ingame",
    "displayCondition": {
      "name": "BlueandiodinepoweroverlayXianShiYouXiNeiDieJiaCeng"
    },
    "gridSettings": {
      "sx": 18,
      "sy": 18,
      "ox": 11,
      "oy": 15,
      "snapOnGrid": false
    }
  }
}