{
  "_fv": 60,
  "_type": "gui",
  "definition": {
    "type": 1,
    "width": 176,
    "height": 166,
    "inventoryOffsetX": 0,
    "inventoryOffsetY": 0,
    "renderBgLayer": true,
    "doesPauseGame": false,
    "components": [
      {
        "type": "inputslot",
        "data": {
          "inputLimit": {
            "value": ""
          },
          "disablePlacement": {
            "fixedValue": false
          },
          "id": 0,
          "disablePickup": {
            "fixedValue": false
          },
          "dropItemsWhenNotBound": true,
          "x": 168,
          "y": 62
        }
      },
      {
        "type": "outputslot",
        "data": {
          "id": 1,
          "disablePickup": {
            "fixedValue": false
          },
          "dropItemsWhenNotBound": true,
          "x": 240,
          "y": 62
        }
      },
      {
        "type": "label",
        "data": {
          "name": "label_energy",
          "text": {
            "fixedValue": "<energy>",
            "name": "EnergyGuiTextProcedure"
          },
          "color": {
            "value": -1,
            "falpha": 0.0
          },
          "x": 229,
          "y": 102
        }
      },
      {
        "type": "inputslot",
        "data": {
          "inputLimit": {
            "value": ""
          },
          "disablePlacement": {
            "fixedValue": false
          },
          "id": 2,
          "disablePickup": {
            "fixedValue": false
          },
          "dropItemsWhenNotBound": true,
          "x": 168,
          "y": 98
        }
      },
      {
        "type": "image",
        "data": {
          "image": "coal.png",
          "use1Xscale": false,
          "x": 169,
          "y": 99
        }
      },
      {
        "type": "image",
        "data": {
          "image": "burn_icon.png",
          "use1Xscale": false,
          "x": 170,
          "y": 82
        }
      },
      {
        "type": "image",
        "data": {
          "image": "electricity_gui.png",
          "use1Xscale": false,
          "x": 213,
          "y": 98
        }
      },
      {
        "type": "image",
        "data": {
          "image": "arrows_icon.png",
          "use1Xscale": false,
          "x": 221,
          "y": 62
        }
      },
      {
        "type": "image",
        "data": {
          "image": "long_icon.png",
          "use1Xscale": false,
          "x": 205,
          "y": 62
        }
      },
      {
        "type": "image",
        "data": {
          "image": "long_icon.png",
          "use1Xscale": false,
          "x": 189,
          "y": 62
        }
      },
      {
        "type": "image",
        "data": {
          "image": "ore_icon.png",
          "use1Xscale": true,
          "x": 169,
          "y": 63
        }
      }
    ],
    "gridSettings": {
      "sx": 18,
      "sy": 18,
      "ox": 11,
      "oy": 15,
      "snapOnGrid": false
    }
  }
}