{
  "_fv": 69,
  "_type": "gui",
  "definition": {
    "type": 1,
    "width": 176,
    "height": 166,
    "inventoryOffsetX": 0,
    "inventoryOffsetY": 0,
    "renderBgLayer": false,
    "doesPauseGame": false,
    "components": [
      {
        "type": "inputslot",
        "data": {
          "inputLimit": {
            "value": ""
          },
          "disablePlacement": {
            "fixedValue": false
          },
          "id": 0,
          "disablePickup": {
            "fixedValue": false
          },
          "dropItemsWhenNotBound": true,
          "x": 132,
          "y": 98
        }
      },
      {
        "type": "outputslot",
        "data": {
          "id": 1,
          "disablePickup": {
            "fixedValue": false
          },
          "dropItemsWhenNotBound": true,
          "x": 204,
          "y": 98
        }
      },
      {
        "type": "image",
        "data": {
          "image": "arcane_wyrm_stomach_gui2.png",
          "use1Xscale": false,
          "x": 126,
          "y": 37
        }
      },
      {
        "type": "button",
        "data": {
          "name": "button_depos",
          "text": "Deposit",
          "isUndecorated": false,
          "onClick": {
            "name": "ArcaneWyrmStomachInput"
          },
          "width": 51,
          "height": 20,
          "x": 151,
          "y": 97
        }
      }
    ],
    "gridSettings": {
      "sx": 18,
      "sy": 18,
      "ox": 11,
      "oy": 15,
      "snapOnGrid": false
    }
  }
}