{
  "_fv": 69,
  "_type": "gui",
  "definition": {
    "type": 0,
    "width": 292,
    "height": 180,
    "inventoryOffsetX": 0,
    "inventoryOffsetY": 0,
    "renderBgLayer": false,
    "doesPauseGame": false,
    "components": [
      {
        "type": "image",
        "data": {
          "image": "tutorial_book.png",
          "use1Xscale": false,
          "x": 67,
          "y": 30
        }
      },
      {
        "type": "imagebutton",
        "data": {
          "name": "imagebutton_back_arrow",
          "image": "back_arrow.png",
          "hoveredImage": "back_arrow_activated.png",
          "onClick": {
            "name": "OpenBlessBookGui2"
          },
          "x": 67,
          "y": 210
        }
      },
      {
        "type": "imagebutton",
        "data": {
          "name": "imagebutton_next_arrow",
          "image": "next_arrow.png",
          "hoveredImage": "next_arrow_activate.png",
          "onClick": {
            "name": "OpenBlessBookGui4"
          },
          "x": 341,
          "y": 210
        }
      },
      {
        "type": "imagebutton",
        "data": {
          "name": "imagebutton_home_button",
          "image": "home_button.png",
          "hoveredImage": "home_button_activated.png",
          "onClick": {
            "name": "OpenBlessBookGui1"
          },
          "x": 205,
          "y": 210
        }
      },
      {
        "type": "label",
        "data": {
          "name": "label_3skill_iodine_is_obtained_by_us",
          "text": {
            "fixedValue": "3.Skill iodine is"
          },
          "color": {
            "value": -12829636,
            "falpha": 0.0
          },
          "x": 80,
          "y": 45
        }
      },
      {
        "type": "label",
        "data": {
          "name": "label_obtained_by_using_the_iodine_pow",
          "text": {
            "fixedValue": "obtained by using the"
          },
          "color": {
            "value": -12829636,
            "falpha": 0.0
          },
          "x": 80,
          "y": 57
        }
      },
      {
        "type": "label",
        "data": {
          "name": "label_iodine_power_altarwhich_can_be",
          "text": {
            "fixedValue": "iodine power altar,"
          },
          "color": {
            "value": -12829636,
            "falpha": 0.0
          },
          "x": 80,
          "y": 69
        }
      },
      {
        "type": "label",
        "data": {
          "name": "label_which_can_be_used_to_convert_iod",
          "text": {
            "fixedValue": "which can be used to"
          },
          "color": {
            "value": -12829636,
            "falpha": 0.0
          },
          "x": 82,
          "y": 81
        }
      },
      {
        "type": "label",
        "data": {
          "name": "label_convert_iodine_crystal_clusters",
          "text": {
            "fixedValue": "convert iodine crystal"
          },
          "color": {
            "value": -12829636,
            "falpha": 0.0
          },
          "x": 81,
          "y": 93
        }
      },
      {
        "type": "label",
        "data": {
          "name": "label_clusters_into_well_wisher_level",
          "text": {
            "fixedValue": "clusters into well"
          },
          "color": {
            "value": -12829636,
            "falpha": 0.0
          },
          "x": 81,
          "y": 105
        }
      },
      {
        "type": "label",
        "data": {
          "name": "label_wisher_leveland_on_adding_point",
          "text": {
            "fixedValue": "wisher level,and on"
          },
          "color": {
            "value": -12829636,
            "falpha": 0.0
          },
          "x": 81,
          "y": 117
        }
      },
      {
        "type": "label",
        "data": {
          "name": "label_adding_points_table_into_faith_p",
          "text": {
            "fixedValue": "Adding Points Table"
          },
          "color": {
            "value": -12829636,
            "falpha": 0.0
          },
          "x": 81,
          "y": 129
        }
      },
      {
        "type": "label",
        "data": {
          "name": "label_into_faith_point_and_belief_poin",
          "text": {
            "fixedValue": "into faith point and"
          },
          "color": {
            "value": -12829636,
            "falpha": 0.0
          },
          "x": 81,
          "y": 142
        }
      },
      {
        "type": "label",
        "data": {
          "name": "label_belief_point",
          "text": {
            "fixedValue": "belief point"
          },
          "color": {
            "value": -12829636,
            "falpha": 0.0
          },
          "x": 81,
          "y": 154
        }
      },
      {
        "type": "label",
        "data": {
          "name": "label_4_iodine_power_level_can_be_add",
          "text": {
            "fixedValue": "4. Iodine power level"
          },
          "color": {
            "value": -12829636,
            "falpha": 0.0
          },
          "x": 226,
          "y": 45
        }
      },
      {
        "type": "label",
        "data": {
          "name": "label_can_be_added_by_using_the_iodine",
          "text": {
            "fixedValue": "can be added by using"
          },
          "color": {
            "value": -12829636,
            "falpha": 0.0
          },
          "x": 226,
          "y": 57
        }
      },
      {
        "type": "label",
        "data": {
          "name": "label_the_iodine_power_altar",
          "text": {
            "fixedValue": "the iodine power altar,"
          },
          "color": {
            "value": -12829636,
            "falpha": 0.0
          },
          "x": 226,
          "y": 69
        }
      },
      {
        "type": "label",
        "data": {
          "name": "label_which_can_add_health_of",
          "text": {
            "fixedValue": "which can add health of"
          },
          "color": {
            "value": -12829636,
            "falpha": 0.0
          },
          "x": 226,
          "y": 81
        }
      },
      {
        "type": "label",
        "data": {
          "name": "label_iodine_power_level10rounded_d",
          "text": {
            "fixedValue": "(iodine power level/10)"
          },
          "color": {
            "value": -12829636,
            "falpha": 0.0
          },
          "x": 226,
          "y": 93
        }
      },
      {
        "type": "label",
        "data": {
          "name": "label_rounded_down",
          "text": {
            "fixedValue": "rounded down"
          },
          "color": {
            "value": -12829636,
            "falpha": 0.0
          },
          "x": 228,
          "y": 105
        }
      }
    ],
    "gridSettings": {
      "sx": 18,
      "sy": 18,
      "ox": 11,
      "oy": 15,
      "snapOnGrid": false
    }
  }
}