{
  "_fv": 69,
  "_type": "tool",
  "definition": {
    "toolType": "Pickaxe",
    "renderType": 0,
    "blockingRenderType": 0,
    "texture": "craft_pickaxe_reset",
    "customModelName": "Normal",
    "blockingModelName": "Normal blocking",
    "name": "Craft Pickaxe",
    "specialInformation": {
      "fixedValue": []
    },
    "creativeTabs": [
      {
        "value": "CUSTOM:Dongdongtool"
      }
    ],
    "efficiency": 10.0,
    "attackSpeed": 1.0,
    "enchantability": 2,
    "damageVsEntity": 4.0,
    "usageCount": 500,
    "repairItems": [
      {
        "value": "Blocks.OBSIDIAN"
      },
      {
        "value": "Items.GOLD_INGOT"
      }
    ],
    "immuneToFire": true,
    "blockDropsTier": "DIAMOND",
    "blocksAffected": [],
    "stayInGridWhenCrafting": false,
    "damageOnCrafting": false
  }
}