{
  "_fv": 66,
  "_type": "tool",
  "definition": {
    "toolType": "Axe",
    "renderType": 0,
    "blockingRenderType": 0,
    "texture": "aluminium_axe",
    "customModelName": "Normal",
    "blockingModelName": "Normal blocking",
    "name": "Aluminium Axe",
    "specialInformation": {
      "fixedValue": []
    },
    "creativeTabs": [
      {
        "value": "CUSTOM:Dongdongtool"
      }
    ],
    "efficiency": 6.0,
    "attackSpeed": 0.9,
    "enchantability": 14,
    "damageVsEntity": 9.0,
    "usageCount": 250,
    "repairItems": [
      {
        "value": "CUSTOM:AluminiumIngot"
      }
    ],
    "immuneToFire": false,
    "blockDropsTier": "IRON",
    "blocksAffected": [],
    "stayInGridWhenCrafting": false,
    "damageOnCrafting": false,
    "onEntityHitWith": {
      "name": "AluminiumSwordDangShiTiBeiGongJuJiZhongShi"
    },
    "onItemInUseTick": {
      "name": "AluminiumSwordDangGongJuChuXianZaiShouZhongShi"
    },
    "onBlockDestroyedWithTool": {
      "name": "AluminiumPickaxeDangFangKuaiBeiGongJuPoPi"
    }
  }
}