{
  "_fv": 66,
  "_type": "item",
  "definition": {
    "renderType": 1,
    "texture": "absorption_bless",
    "customModelName": "iron_spear:aluminium",
    "customProperties": {},
    "states": [],
    "name": "Aluminium Spear",
    "rarity": "COMMON",
    "creativeTabs": [
      {
        "value": "CUSTOM:Dongdongsword"
      }
    ],
    "stackSize": 1,
    "enchantability": 14,
    "useDuration": 72000,
    "toolType": 1.5,
    "damageCount": 250,
    "recipeRemainder": {
      "value": ""
    },
    "destroyAnyBlock": true,
    "immuneToFire": false,
    "stayInGridWhenCrafting": false,
    "damageOnCrafting": false,
    "enableMeleeDamage": true,
    "damageVsEntity": 5.0,
    "specialInformation": {
      "fixedValue": []
    },
    "glowCondition": {
      "fixedValue": false
    },
    "guiBoundTo": "<NONE>",
    "inventorySize": 9,
    "inventoryStackSize": 64,
    "onEntityHitWith": {
      "name": "AluminiumSwordDangShiTiBeiGongJuJiZhongShi"
    },
    "onItemInUseTick": {
      "name": "AluminiumSwordDangGongJuChuXianZaiShouZhongShi"
    },
    "enableRanged": true,
    "shootConstantly": false,
    "rangedItemChargesPower": true,
    "projectile": {
      "value": "CUSTOM:AluminiumSpearProjectile"
    },
    "onRangedItemUsed": {
      "name": "IronSpearShoot"
    },
    "isFood": false,
    "nutritionalValue": 4,
    "saturation": 0.3,
    "eatResultItem": {
      "value": ""
    },
    "isMeat": false,
    "isAlwaysEdible": false,
    "animation": "bow"
  }
}