{
  "_fv": 66,
  "_type": "recipe",
  "definition": {
    "recipeType": "Smithing",
    "recipeRetstackSize": 1,
    "group": "",
    "cookingBookCategory": "MISC",
    "xpReward": 0.0,
    "cookingTime": 200,
    "craftingBookCategory": "MISC",
    "recipeShapeless": false,
    "smithingInputStack": {
      "value": "Blocks.STAINED_GLASS#14"
    },
    "smithingInputAdditionStack": {
      "value": "Items.BLAZE_POWDER"
    },
    "smithingReturnStack": {
      "value": "CUSTOM:BlazeAmpoule"
    },
    "name": "blazeampoulerecipe",
    "namespace": "mod"
  }
}