{
  "_fv": 66,
  "_type": "gui",
  "definition": {
    "type": 0,
    "width": 292,
    "height": 180,
    "inventoryOffsetX": 0,
    "inventoryOffsetY": 0,
    "renderBgLayer": false,
    "doesPauseGame": false,
    "components": [
      {
        "type": "image",
        "data": {
          "image": "tutorial_book.png",
          "use1Xscale": false,
          "x": 67,
          "y": 30
        }
      },
      {
        "type": "imagebutton",
        "data": {
          "name": "imagebutton_back_arrow",
          "image": "back_arrow.png",
          "hoveredImage": "back_arrow_activated.png",
          "onClick": {
            "name": "OpenBlessBookGui11"
          },
          "x": 67,
          "y": 210
        }
      },
      {
        "type": "imagebutton",
        "data": {
          "name": "imagebutton_next_arrow",
          "image": "next_arrow.png",
          "hoveredImage": "next_arrow_activate.png",
          "onClick": {
            "name": "OpenBlessBookGui13"
          },
          "x": 341,
          "y": 210
        }
      },
      {
        "type": "imagebutton",
        "data": {
          "name": "imagebutton_home_button",
          "image": "home_button.png",
          "hoveredImage": "home_button_activated.png",
          "onClick": {
            "name": "OpenBlessBookGui1"
          },
          "x": 205,
          "y": 210
        }
      },
      {
        "type": "label",
        "data": {
          "name": "label_14belief_points_are",
          "text": {
            "fixedValue": "14.Belief points are"
          },
          "color": {
            "value": -12829636,
            "falpha": 0.0
          },
          "x": 81,
          "y": 45
        }
      },
      {
        "type": "label",
        "data": {
          "name": "label_increased_by_adding",
          "text": {
            "fixedValue": "increased by adding"
          },
          "color": {
            "value": -12829636,
            "falpha": 0.0
          },
          "x": 80,
          "y": 57
        }
      },
      {
        "type": "label",
        "data": {
          "name": "label_points_tablewhich_can",
          "text": {
            "fixedValue": "points table,which can"
          },
          "color": {
            "value": -12829636,
            "falpha": 0.0
          },
          "x": 82,
          "y": 69
        }
      },
      {
        "type": "label",
        "data": {
          "name": "label_increase_the_amount_of",
          "text": {
            "fixedValue": "increase the amount of"
          },
          "color": {
            "value": -12829636,
            "falpha": 0.0
          },
          "x": 82,
          "y": 81
        }
      },
      {
        "type": "label",
        "data": {
          "name": "label_blue_power_rounded_down",
          "text": {
            "fixedValue": "blue power rounded down"
          },
          "color": {
            "value": -12829636,
            "falpha": 0.0
          },
          "x": 81,
          "y": 93
        }
      },
      {
        "type": "label",
        "data": {
          "name": "label_belief_point_divided",
          "text": {
            "fixedValue": "(Belief point divided"
          },
          "color": {
            "value": -12829636,
            "falpha": 0.0
          },
          "x": 82,
          "y": 105
        }
      },
      {
        "type": "label",
        "data": {
          "name": "label_by_25pointsup_to_100",
          "text": {
            "fixedValue": "by 2.5)points,up to 100"
          },
          "color": {
            "value": -12829636,
            "falpha": 0.0
          },
          "x": 81,
          "y": 117
        }
      },
      {
        "type": "label",
        "data": {
          "name": "label_15faith_point_by",
          "text": {
            "fixedValue": "15.faith point by"
          },
          "color": {
            "value": -12829636,
            "falpha": 0.0
          },
          "x": 226,
          "y": 45
        }
      },
      {
        "type": "label",
        "data": {
          "name": "label_adding_points_table",
          "text": {
            "fixedValue": "adding points table"
          },
          "color": {
            "value": -12829636,
            "falpha": 0.0
          },
          "x": 226,
          "y": 57
        }
      },
      {
        "type": "label",
        "data": {
          "name": "label_increaseyou_can",
          "text": {
            "fixedValue": "increase,you can"
          },
          "color": {
            "value": -12829636,
            "falpha": 0.0
          },
          "x": 226,
          "y": 69
        }
      },
      {
        "type": "label",
        "data": {
          "name": "label_increase_the_duration",
          "text": {
            "fixedValue": "increase the duration"
          },
          "color": {
            "value": -12829636,
            "falpha": 0.0
          },
          "x": 226,
          "y": 81
        }
      },
      {
        "type": "label",
        "data": {
          "name": "label_of_the_buff_type_bless",
          "text": {
            "fixedValue": "of the buff type bless"
          },
          "color": {
            "value": -12829636,
            "falpha": 0.0
          },
          "x": 226,
          "y": 93
        }
      },
      {
        "type": "label",
        "data": {
          "name": "label_each_point_plus_1",
          "text": {
            "fixedValue": "each point plus 1"
          },
          "color": {
            "value": -12829636,
            "falpha": 0.0
          },
          "x": 227,
          "y": 105
        }
      },
      {
        "type": "label",
        "data": {
          "name": "label_secondbuff_level",
          "text": {
            "fixedValue": "second,buff level"
          },
          "color": {
            "value": -12829636,
            "falpha": 0.0
          },
          "x": 226,
          "y": 117
        }
      },
      {
        "type": "label",
        "data": {
          "name": "label_increase_rounded_up",
          "text": {
            "fixedValue": "increase rounded up"
          },
          "color": {
            "value": -12829636,
            "falpha": 0.0
          },
          "x": 226,
          "y": 129
        }
      },
      {
        "type": "label",
        "data": {
          "name": "label_faith_points_divided",
          "text": {
            "fixedValue": "(faith points divided"
          },
          "color": {
            "value": -12829636,
            "falpha": 0.0
          },
          "x": 226,
          "y": 142
        }
      },
      {
        "type": "label",
        "data": {
          "name": "label_by_10levelwhile",
          "text": {
            "fixedValue": "by 10)level,while"
          },
          "color": {
            "value": -12829636,
            "falpha": 0.0
          },
          "x": 226,
          "y": 154
        }
      },
      {
        "type": "label",
        "data": {
          "name": "label_increasing_the_sing",
          "text": {
            "fixedValue": "increasing the sing "
          },
          "color": {
            "value": -12829636,
            "falpha": 0.0
          },
          "x": 226,
          "y": 166
        }
      },
      {
        "type": "label",
        "data": {
          "name": "label_time_rounded_up",
          "text": {
            "fixedValue": "time rounded up"
          },
          "color": {
            "value": -12829636,
            "falpha": 0.0
          },
          "x": 227,
          "y": 178
        }
      }
    ],
    "gridSettings": {
      "sx": 18,
      "sy": 18,
      "ox": 11,
      "oy": 15,
      "snapOnGrid": false
    }
  }
}