{
  "_fv": 66,
  "_type": "recipe",
  "definition": {
    "recipeType": "Crafting",
    "recipeRetstackSize": 1,
    "group": "",
    "cookingBookCategory": "MISC",
    "xpReward": 0.0,
    "cookingTime": 200,
    "craftingBookCategory": "BUILDING",
    "recipeShapeless": false,
    "recipeSlots": [
      {
        "value": ""
      },
      {
        "value": "Blocks.CACTUS"
      },
      {
        "value": ""
      },
      {
        "value": "CUSTOM:Hongchao"
      },
      {
        "value": "Items.GLASS_BOTTLE"
      },
      {
        "value": "CUSTOM:Hongchao"
      },
      {
        "value": "CUSTOM:Hongchao"
      },
      {
        "value": "CUSTOM:Dujushibaoshi"
      },
      {
        "value": "CUSTOM:Hongchao"
      }
    ],
    "recipeReturnStack": {
      "value": "CUSTOM:Bloodofferingaltar"
    },
    "name": "bloodofferingaltarrecipe",
    "namespace": "mod"
  }
}