{
  "_fv": 66,
  "_type": "armor",
  "definition": {
    "enableHelmet": true,
    "textureHelmet": "aluminium_head",
    "enableBody": true,
    "textureBody": "aluminium_body",
    "enableLeggings": true,
    "textureLeggings": "aluminium_leggings",
    "enableBoots": true,
    "textureBoots": "aluminium_boots",
    "creativeTabs": [
      {
        "value": "CUSTOM:Dongdongkuijiade"
      }
    ],
    "armorTextureFile": "aluminium",
    "helmetName": "Aluminium Helmet",
    "bodyName": "Aluminium Chestplate",
    "leggingsName": "Aluminium Leggings",
    "bootsName": "Aluminium Boots",
    "helmetSpecialInformation": {
      "fixedValue": []
    },
    "bodySpecialInformation": {
      "fixedValue": []
    },
    "leggingsSpecialInformation": {
      "fixedValue": []
    },
    "bootsSpecialInformation": {
      "fixedValue": []
    },
    "helmetModelName": "Default",
    "helmetModelPart": "Helmet",
    "helmetModelTexture": "From armor",
    "bodyModelName": "Default",
    "bodyModelPart": "Body",
    "armsModelPartL": "Arms L",
    "armsModelPartR": "Arms R",
    "bodyModelTexture": "From armor",
    "leggingsModelName": "Default",
    "leggingsModelPartL": "Leggings L",
    "leggingsModelPartR": "Leggings R",
    "leggingsModelTexture": "From armor",
    "bootsModelName": "Default",
    "bootsModelPartL": "Boots L",
    "bootsModelPartR": "Boots R",
    "bootsModelTexture": "From armor",
    "helmetItemRenderType": 0,
    "helmetItemCustomModelName": "Normal",
    "bodyItemRenderType": 0,
    "bodyItemCustomModelName": "Normal",
    "leggingsItemRenderType": 0,
    "leggingsItemCustomModelName": "Normal",
    "bootsItemRenderType": 0,
    "bootsItemCustomModelName": "Normal",
    "helmetImmuneToFire": false,
    "bodyImmuneToFire": false,
    "leggingsImmuneToFire": false,
    "bootsImmuneToFire": false,
    "maxDamage": 15,
    "damageValueHelmet": 1,
    "damageValueBody": 3,
    "damageValueLeggings": 2,
    "damageValueBoots": 1,
    "enchantability": 9,
    "toughness": 0.0,
    "knockbackResistance": 0.0,
    "equipSound": {
      "value": "item.armor.equip_iron"
    },
    "repairItems": [
      {
        "value": "CUSTOM:AluminiumIngot"
      }
    ]
  }
}