{
  "_fv": 66,
  "_type": "tool",
  "definition": {
    "toolType": "Pickaxe",
    "renderType": 0,
    "blockingRenderType": 0,
    "texture": "coalveinpickaxe",
    "customModelName": "Normal",
    "blockingModelName": "Normal blocking",
    "name": "Coal Vein Miner",
    "specialInformation": {
      "fixedValue": []
    },
    "creativeTabs": [
      {
        "value": "CUSTOM:Dongdongtool"
      }
    ],
    "efficiency": 1.0,
    "attackSpeed": 1.0,
    "enchantability": 1,
    "damageVsEntity": 4.0,
    "usageCount": 300,
    "repairItems": [
      {
        "value": "Blocks.SOUL_TORCH"
      }
    ],
    "immuneToFire": true,
    "blockDropsTier": "STONE",
    "blocksAffected": [],
    "stayInGridWhenCrafting": false,
    "damageOnCrafting": false,
    "onBlockDestroyedWithTool": {
      "name": "VMPC"
    }
  }
}