{
  "_fv": 66,
  "_type": "tool",
  "definition": {
    "toolType": "Shears",
    "renderType": 0,
    "blockingRenderType": 0,
    "texture": "cobalt_shears",
    "customModelName": "Normal",
    "blockingModelName": "Normal blocking",
    "name": "Cobalt Shears",
    "specialInformation": {
      "fixedValue": []
    },
    "creativeTabs": [
      {
        "value": "CUSTOM:Dongdongtool"
      }
    ],
    "efficiency": 9.0,
    "attackSpeed": 1.0,
    "enchantability": 28,
    "damageVsEntity": 4.0,
    "usageCount": 660,
    "repairItems": [],
    "immuneToFire": false,
    "blockDropsTier": "STONE",
    "blocksAffected": [],
    "stayInGridWhenCrafting": true,
    "damageOnCrafting": true,
    "onBlockDestroyedWithTool": {
      "name": "CobaltAxeDangFangKuaiBeiGongJuPoPi"
    }
  }
}