{
  "_fv": 66,
  "_type": "tool",
  "definition": {
    "toolType": "Axe",
    "renderType": 0,
    "blockingRenderType": 0,
    "texture": "cobalt_axe",
    "customModelName": "Normal",
    "blockingModelName": "Normal blocking",
    "name": "Cobalt Axe",
    "specialInformation": {
      "fixedValue": []
    },
    "creativeTabs": [
      {
        "value": "CUSTOM:Dongdongtool"
      }
    ],
    "efficiency": 9.0,
    "attackSpeed": 3.0,
    "enchantability": 28,
    "damageVsEntity": 5.0,
    "usageCount": 660,
    "repairItems": [
      {
        "value": "CUSTOM:Guding"
      }
    ],
    "immuneToFire": false,
    "blockDropsTier": "NETHERITE",
    "blocksAffected": [],
    "stayInGridWhenCrafting": false,
    "damageOnCrafting": false,
    "onBlockDestroyedWithTool": {
      "name": "CobaltAxeDangFangKuaiBeiGongJuPoPi"
    }
  }
}