{
  "_fv": 66,
  "_type": "tool",
  "definition": {
    "toolType": "Pickaxe",
    "renderType": 0,
    "blockingRenderType": 0,
    "texture": "constantan_hammer",
    "customModelName": "Normal",
    "blockingModelName": "Normal blocking",
    "name": "Constantan Hammer",
    "specialInformation": {
      "fixedValue": []
    },
    "creativeTabs": [
      {
        "value": "CUSTOM:Dongdongtool"
      }
    ],
    "efficiency": 5.0,
    "attackSpeed": 0.5,
    "enchantability": 14,
    "damageVsEntity": 6.0,
    "usageCount": 250,
    "repairItems": [
      {
        "value": "CUSTOM:ElectrumIngot"
      }
    ],
    "immuneToFire": false,
    "blockDropsTier": "IRON",
    "blocksAffected": [],
    "stayInGridWhenCrafting": true,
    "damageOnCrafting": true,
    "onEntityHitWith": {
      "name": "ConstantanHoeDangShiTiBeiGongJuJiZhongShi"
    },
    "onBlockDestroyedWithTool": {
      "name": "WoodhammerDangFangKuaiBeiGongJuPoPi"
    }
  }
}