{
  "_fv": 69,
  "_type": "tool",
  "definition": {
    "toolType": "Sword",
    "renderType": 0,
    "blockingRenderType": 0,
    "texture": "aluminium_katana",
    "customModelName": "Normal",
    "blockingModelName": "Normal blocking",
    "name": "Aluminium Katana",
    "specialInformation": {
      "fixedValue": [],
      "name": "AluminiumToolSpecialInformationa"
    },
    "creativeTabs": [
      {
        "value": "CUSTOM:Dongdongsword"
      }
    ],
    "efficiency": 6.0,
    "attackSpeed": 2.0,
    "enchantability": 14,
    "damageVsEntity": 5.0,
    "usageCount": 250,
    "glowCondition": {
      "fixedValue": false
    },
    "repairItems": [
      {
        "value": "CUSTOM:AluminiumIngot"
      }
    ],
    "immuneToFire": false,
    "blockDropsTier": "IRON",
    "blocksAffected": [],
    "stayInGridWhenCrafting": false,
    "damageOnCrafting": false,
    "onEntityHitWith": {
      "name": "AluminiumSwordDangShiTiBeiGongJuJiZhongShi"
    },
    "onItemInUseTick": {
      "name": "AluminiumSwordDangGongJuChuXianZaiShouZhongShi"
    },
    "onBlockDestroyedWithTool": {
      "name": "AluminiumPickaxeDangFangKuaiBeiGongJuPoPi"
    },
    "onEntitySwing": {
      "name": "TungstenSteelKatanaDangShiTiHuiDongWuPinShi"
    }
  }
}