{
  "_fv": 69,
  "_type": "recipe",
  "definition": {
    "recipeType": "Crafting",
    "recipeRetstackSize": 6,
    "group": "",
    "cookingBookCategory": "MISC",
    "xpReward": 0.0,
    "cookingTime": 200,
    "craftingBookCategory": "MISC",
    "recipeShapeless": true,
    "recipeSlots": [
      {
        "value": "CUSTOM:AluminiumPlate"
      },
      {
        "value": "CUSTOM:AluminiumPlate"
      },
      {
        "value": ""
      },
      {
        "value": "CUSTOM:AluminiumPlate"
      },
      {
        "value": "TAG:forge:hammers"
      },
      {
        "value": ""
      },
      {
        "value": ""
      },
      {
        "value": ""
      },
      {
        "value": ""
      }
    ],
    "recipeReturnStack": {
      "value": "CUSTOM:AluminiumShell"
    },
    "name": "aluminium_shell_recipe",
    "namespace": "mod"
  }
}