{
  "_fv": 69,
  "_type": "gui",
  "definition": {
    "type": 0,
    "width": 292,
    "height": 180,
    "inventoryOffsetX": 0,
    "inventoryOffsetY": 0,
    "renderBgLayer": false,
    "doesPauseGame": false,
    "components": [
      {
        "type": "image",
        "data": {
          "image": "tutorial_book.png",
          "use1Xscale": false,
          "x": 67,
          "y": 30
        }
      },
      {
        "type": "imagebutton",
        "data": {
          "name": "imagebutton_back_arrow",
          "image": "back_arrow.png",
          "hoveredImage": "back_arrow_activated.png",
          "onClick": {
            "name": "OpenArcaneBookGui1"
          },
          "x": 67,
          "y": 210
        }
      },
      {
        "type": "imagebutton",
        "data": {
          "name": "imagebutton_next_arrow",
          "image": "next_arrow.png",
          "hoveredImage": "next_arrow_activate.png",
          "onClick": {
            "name": "OpenArcaneBookGui3"
          },
          "x": 341,
          "y": 210
        }
      },
      {
        "type": "imagebutton",
        "data": {
          "name": "imagebutton_home_button",
          "image": "home_button.png",
          "hoveredImage": "home_button_activated.png",
          "onClick": {
            "name": "OpenArcaneBookGui1"
          },
          "x": 205,
          "y": 210
        }
      },
      {
        "type": "label",
        "data": {
          "name": "label_1magic_storage_ring_can_store",
          "text": {
            "fixedValue": "1.Magic storage ring"
          },
          "color": {
            "value": -12829636,
            "falpha": 0.0
          },
          "x": 80,
          "y": 45
        }
      },
      {
        "type": "label",
        "data": {
          "name": "label_can_store_100_points_of_magic",
          "text": {
            "fixedValue": "can store 100 points of"
          },
          "color": {
            "value": -12829636,
            "falpha": 0.0
          },
          "x": 80,
          "y": 57
        }
      },
      {
        "type": "label",
        "data": {
          "name": "label_magic_powerpress_m_to_open",
          "text": {
            "fixedValue": "magic power,press m to"
          },
          "color": {
            "value": -12829636,
            "falpha": 0.0
          },
          "x": 81,
          "y": 69
        }
      },
      {
        "type": "label",
        "data": {
          "name": "label_open_the_baubles_to_equip",
          "text": {
            "fixedValue": "open the baubles to"
          },
          "color": {
            "value": -12829636,
            "falpha": 0.0
          },
          "x": 81,
          "y": 81
        }
      },
      {
        "type": "label",
        "data": {
          "name": "label_equip",
          "text": {
            "fixedValue": "equip"
          },
          "color": {
            "value": -12829636,
            "falpha": 0.0
          },
          "x": 82,
          "y": 93
        }
      },
      {
        "type": "label",
        "data": {
          "name": "label_recipe",
          "text": {
            "fixedValue": "recipe:"
          },
          "color": {
            "value": -12829636,
            "falpha": 0.0
          },
          "x": 82,
          "y": 105
        }
      },
      {
        "type": "label",
        "data": {
          "name": "label_g_g_g",
          "text": {
            "fixedValue": "G G G"
          },
          "color": {
            "value": -12829636,
            "falpha": 0.0
          },
          "x": 83,
          "y": 117
        }
      },
      {
        "type": "label",
        "data": {
          "name": "label_g_g_g1",
          "text": {
            "fixedValue": "G G G"
          },
          "color": {
            "value": -12829636,
            "falpha": 0.0
          },
          "x": 83,
          "y": 142
        }
      },
      {
        "type": "label",
        "data": {
          "name": "label_g_m_g",
          "text": {
            "fixedValue": "G M G"
          },
          "color": {
            "value": -12829636,
            "falpha": 0.0
          },
          "x": 83,
          "y": 129
        }
      },
      {
        "type": "label",
        "data": {
          "name": "label_ggold_nugget",
          "text": {
            "fixedValue": "G=Gold Nugget"
          },
          "color": {
            "value": -12829636,
            "falpha": 0.0
          },
          "x": 83,
          "y": 154
        }
      },
      {
        "type": "label",
        "data": {
          "name": "label_mmonazite",
          "text": {
            "fixedValue": "M=monazite"
          },
          "color": {
            "value": -12829636,
            "falpha": 0.0
          },
          "x": 83,
          "y": 166
        }
      },
      {
        "type": "label",
        "data": {
          "name": "label_2standing_on_the_blood_offered",
          "text": {
            "fixedValue": "2.Standing on the Blood"
          },
          "color": {
            "value": -12829636,
            "falpha": 0.0
          },
          "x": 226,
          "y": 45
        }
      },
      {
        "type": "label",
        "data": {
          "name": "label_offered_altar_and_equipped",
          "text": {
            "fixedValue": "Offered Altar and"
          },
          "color": {
            "value": -12829636,
            "falpha": 0.0
          },
          "x": 226,
          "y": 57
        }
      },
      {
        "type": "label",
        "data": {
          "name": "label_equipped_with_a_magic_storage",
          "text": {
            "fixedValue": "equipped with a magic"
          },
          "color": {
            "value": -12829636,
            "falpha": 0.0
          },
          "x": 226,
          "y": 69
        }
      },
      {
        "type": "label",
        "data": {
          "name": "label_storage_ring_can_reduce_health",
          "text": {
            "fixedValue": "storage ring can reduce"
          },
          "color": {
            "value": -12829636,
            "falpha": 0.0
          },
          "x": 226,
          "y": 81
        }
      },
      {
        "type": "label",
        "data": {
          "name": "label_health_and_increase_magic_power",
          "text": {
            "fixedValue": "health and increase"
          },
          "color": {
            "value": -12829636,
            "falpha": 0.0
          },
          "x": 226,
          "y": 93
        }
      },
      {
        "type": "label",
        "data": {
          "name": "label_magic_power",
          "text": {
            "fixedValue": "magic power"
          },
          "color": {
            "value": -12829636,
            "falpha": 0.0
          },
          "x": 226,
          "y": 105
        }
      },
      {
        "type": "label",
        "data": {
          "name": "label_recipe1",
          "text": {
            "fixedValue": "recipe:"
          },
          "color": {
            "value": -12829636,
            "falpha": 0.0
          },
          "x": 226,
          "y": 117
        }
      },
      {
        "type": "label",
        "data": {
          "name": "label_c",
          "text": {
            "fixedValue": " C "
          },
          "color": {
            "value": -12829636,
            "falpha": 0.0
          },
          "x": 232,
          "y": 129
        }
      },
      {
        "type": "label",
        "data": {
          "name": "label_l_g_l",
          "text": {
            "fixedValue": "L G L"
          },
          "color": {
            "value": -12829636,
            "falpha": 0.0
          },
          "x": 227,
          "y": 142
        }
      },
      {
        "type": "label",
        "data": {
          "name": "label_l_m_l",
          "text": {
            "fixedValue": "L M L"
          },
          "color": {
            "value": -12829636,
            "falpha": 0.0
          },
          "x": 227,
          "y": 154
        }
      },
      {
        "type": "label",
        "data": {
          "name": "label_ccactus",
          "text": {
            "fixedValue": "C=Cactus"
          },
          "color": {
            "value": -12829636,
            "falpha": 0.0
          },
          "x": 270,
          "y": 129
        }
      },
      {
        "type": "label",
        "data": {
          "name": "label_llight_red_grass_block",
          "text": {
            "fixedValue": "L=Light Red Grass Block"
          },
          "color": {
            "value": -12829636,
            "falpha": 0.0
          },
          "x": 225,
          "y": 166
        }
      },
      {
        "type": "label",
        "data": {
          "name": "label_gglass_bottle",
          "text": {
            "fixedValue": "G=Glass Bottle"
          },
          "color": {
            "value": -12829636,
            "falpha": 0.0
          },
          "x": 270,
          "y": 142
        }
      },
      {
        "type": "label",
        "data": {
          "name": "label_mmonazite1",
          "text": {
            "fixedValue": "M=Monazite"
          },
          "color": {
            "value": -12829636,
            "falpha": 0.0
          },
          "x": 270,
          "y": 155
        }
      }
    ],
    "gridSettings": {
      "sx": 18,
      "sy": 18,
      "ox": 11,
      "oy": 15,
      "snapOnGrid": false
    }
  }
}