{
  "_fv": 69,
  "_type": "gui",
  "definition": {
    "type": 0,
    "width": 292,
    "height": 180,
    "inventoryOffsetX": 0,
    "inventoryOffsetY": 0,
    "renderBgLayer": false,
    "doesPauseGame": false,
    "components": [
      {
        "type": "image",
        "data": {
          "image": "tutorial_book.png",
          "use1Xscale": false,
          "x": 67,
          "y": 30
        }
      },
      {
        "type": "imagebutton",
        "data": {
          "name": "imagebutton_back_arrow",
          "image": "back_arrow.png",
          "hoveredImage": "back_arrow_activated.png",
          "onClick": {
            "name": "OpenBlessBookGui3"
          },
          "x": 67,
          "y": 210
        }
      },
      {
        "type": "imagebutton",
        "data": {
          "name": "imagebutton_next_arrow",
          "image": "next_arrow.png",
          "hoveredImage": "next_arrow_activate.png",
          "onClick": {
            "name": "OpenBlessBookGui5"
          },
          "x": 341,
          "y": 210
        }
      },
      {
        "type": "imagebutton",
        "data": {
          "name": "imagebutton_home_button",
          "image": "home_button.png",
          "hoveredImage": "home_button_activated.png",
          "onClick": {
            "name": "OpenBlessBookGui1"
          },
          "x": 205,
          "y": 210
        }
      },
      {
        "type": "label",
        "data": {
          "name": "label_5iodine_crystal_cluster",
          "text": {
            "fixedValue": "5.Iodine crystal"
          },
          "color": {
            "value": -12829636,
            "falpha": 0.0
          },
          "x": 81,
          "y": 45
        }
      },
      {
        "type": "label",
        "data": {
          "name": "label_cluster_is_generated_near_iodine",
          "text": {
            "fixedValue": "cluster is generated"
          },
          "color": {
            "value": -12829636,
            "falpha": 0.0
          },
          "x": 80,
          "y": 57
        }
      },
      {
        "type": "label",
        "data": {
          "name": "label_near_iodine_oreright_click",
          "text": {
            "fixedValue": "near iodine ore,right"
          },
          "color": {
            "value": -12829636,
            "falpha": 0.0
          },
          "x": 80,
          "y": 69
        }
      },
      {
        "type": "label",
        "data": {
          "name": "label_click_can_consume_well_wisher",
          "text": {
            "fixedValue": "click can consume well"
          },
          "color": {
            "value": -12829636,
            "falpha": 0.0
          },
          "x": 81,
          "y": 81
        }
      },
      {
        "type": "label",
        "data": {
          "name": "label_wisher_level_1_skill_iodine_to",
          "text": {
            "fixedValue": "wisher level +1 skill"
          },
          "color": {
            "value": -12829636,
            "falpha": 0.0
          },
          "x": 81,
          "y": 93
        }
      },
      {
        "type": "label",
        "data": {
          "name": "label_iodine_to_raise_one_level_of_wel",
          "text": {
            "fixedValue": "iodine to raise one"
          },
          "color": {
            "value": -12829636,
            "falpha": 0.0
          },
          "x": 81,
          "y": 105
        }
      },
      {
        "type": "label",
        "data": {
          "name": "label_level_of_well_wisher_level",
          "text": {
            "fixedValue": "level of well wisher"
          },
          "color": {
            "value": -12829636,
            "falpha": 0.0
          },
          "x": 81,
          "y": 117
        }
      },
      {
        "type": "label",
        "data": {
          "name": "label_level",
          "text": {
            "fixedValue": "level"
          },
          "color": {
            "value": -12829636,
            "falpha": 0.0
          },
          "x": 81,
          "y": 129
        }
      },
      {
        "type": "label",
        "data": {
          "name": "label_6well_wisher_level_can_be_incre",
          "text": {
            "fixedValue": "6.well wisher level can"
          },
          "color": {
            "value": -12829636,
            "falpha": 0.0
          },
          "x": 225,
          "y": 45
        }
      },
      {
        "type": "label",
        "data": {
          "name": "label_be_increased_by_using_iodine_cry",
          "text": {
            "fixedValue": "be increased by using"
          },
          "color": {
            "value": -12829636,
            "falpha": 0.0
          },
          "x": 226,
          "y": 57
        }
      },
      {
        "type": "label",
        "data": {
          "name": "label_iodine_crystal_cluster_the_high",
          "text": {
            "fixedValue": "iodine crystal cluster"
          },
          "color": {
            "value": -12829636,
            "falpha": 0.0
          },
          "x": 225,
          "y": 69
        }
      },
      {
        "type": "label",
        "data": {
          "name": "label_iodine_crystal_cluster_the_high1",
          "text": {
            "fixedValue": "the highest level is 5"
          },
          "color": {
            "value": -12829636,
            "falpha": 0.0
          },
          "x": 226,
          "y": 80
        }
      },
      {
        "type": "label",
        "data": {
          "name": "label_the_higher_the_level_the_more_b",
          "text": {
            "fixedValue": "The higher the level"
          },
          "color": {
            "value": -12829636,
            "falpha": 0.0
          },
          "x": 225,
          "y": 93
        }
      },
      {
        "type": "label",
        "data": {
          "name": "label_the_more_bless_you_can_use",
          "text": {
            "fixedValue": "the more bless you can"
          },
          "color": {
            "value": -12829636,
            "falpha": 0.0
          },
          "x": 226,
          "y": 105
        }
      },
      {
        "type": "label",
        "data": {
          "name": "label_use",
          "text": {
            "fixedValue": "use"
          },
          "color": {
            "value": -12829636,
            "falpha": 0.0
          },
          "x": 227,
          "y": 117
        }
      },
      {
        "type": "label",
        "data": {
          "name": "label_level_0_glowing_invisibility_ni",
          "text": {
            "fixedValue": "level 0:Glowing"
          },
          "color": {
            "value": -12829636,
            "falpha": 0.0
          },
          "x": 226,
          "y": 129
        }
      },
      {
        "type": "label",
        "data": {
          "name": "label_invisibility_night_vision_luck",
          "text": {
            "fixedValue": "Invisibility Night"
          },
          "color": {
            "value": -12829636,
            "falpha": 0.0
          },
          "x": 226,
          "y": 142
        }
      },
      {
        "type": "label",
        "data": {
          "name": "label_vision_luck",
          "text": {
            "fixedValue": "vision Luck Activate"
          },
          "color": {
            "value": -12829636,
            "falpha": 0.0
          },
          "x": 226,
          "y": 154
        }
      },
      {
        "type": "label",
        "data": {
          "name": "label_level_1_speed_slow",
          "text": {
            "fixedValue": "Level 1:Speed Slow"
          },
          "color": {
            "value": -12829636,
            "falpha": 0.0
          },
          "x": 226,
          "y": 167
        }
      },
      {
        "type": "label",
        "data": {
          "name": "label_falling_jump_boost_instant_healt",
          "text": {
            "fixedValue": "falling Jump boost"
          },
          "color": {
            "value": -12829636,
            "falpha": 0.0
          },
          "x": 224,
          "y": 178
        }
      },
      {
        "type": "imagebutton",
        "data": {
          "name": "imagebutton_underline_blank",
          "image": "underline_blank.png",
          "hoveredImage": "underline.png",
          "onClick": {
            "name": "SendIodineOrePageMessage"
          },
          "x": 80,
          "y": 69
        }
      }
    ],
    "gridSettings": {
      "sx": 18,
      "sy": 18,
      "ox": 11,
      "oy": 15,
      "snapOnGrid": false
    }
  }
}