{
  "_fv": 69,
  "_type": "recipe",
  "definition": {
    "recipeType": "Crafting",
    "recipeRetstackSize": 16,
    "group": "",
    "cookingBookCategory": "MISC",
    "xpReward": 0.0,
    "cookingTime": 200,
    "craftingBookCategory": "EQUIPMENT",
    "recipeShapeless": false,
    "recipeSlots": [
      {
        "value": "Items.ARROW"
      },
      {
        "value": "Items.ARROW"
      },
      {
        "value": "Items.ARROW"
      },
      {
        "value": "Items.ARROW"
      },
      {
        "value": "CUSTOM:BlockyClaw"
      },
      {
        "value": "Items.ARROW"
      },
      {
        "value": "Items.ARROW"
      },
      {
        "value": "Items.ARROW"
      },
      {
        "value": "Items.ARROW"
      }
    ],
    "recipeReturnStack": {
      "value": "CUSTOM:BlockyArrow"
    },
    "name": "blocky_arrow_recipe",
    "namespace": "mod"
  }
}