{
  "_fv": 69,
  "_type": "item",
  "definition": {
    "renderType": 0,
    "texture": "blocky_claw",
    "customModelName": "Normal",
    "customProperties": {},
    "states": [],
    "name": "Blocky Claw",
    "rarity": "COMMON",
    "creativeTabs": [
      {
        "value": "CUSTOM:Dodongdongfood"
      }
    ],
    "stackSize": 64,
    "enchantability": 0,
    "useDuration": 32,
    "toolType": 1.0,
    "damageCount": 0,
    "recipeRemainder": {
      "value": ""
    },
    "destroyAnyBlock": false,
    "immuneToFire": false,
    "stayInGridWhenCrafting": false,
    "damageOnCrafting": false,
    "enableMeleeDamage": true,
    "damageVsEntity": 5.5,
    "specialInformation": {
      "fixedValue": [],
      "name": "BlockyClawSpecialInformation"
    },
    "glowCondition": {
      "fixedValue": false
    },
    "guiBoundTo": "<NONE>",
    "inventorySize": 9,
    "inventoryStackSize": 64,
    "onEntityHitWith": {
      "name": "BlockyClawLivingEntityIsHitWithItem"
    },
    "onFinishUsingItem": {
      "name": "BlockyClawPlayerFinishesUsingItem"
    },
    "enableRanged": false,
    "shootConstantly": false,
    "rangedItemChargesPower": false,
    "projectile": {
      "value": "CUSTOM:ZhuiguangluProjectile"
    },
    "projectileDisableAmmoCheck": false,
    "isFood": true,
    "nutritionalValue": 7,
    "saturation": 0.5,
    "eatResultItem": {
      "value": ""
    },
    "isMeat": true,
    "isAlwaysEdible": true,
    "animation": "eat"
  }
}