{
  "_fv": 69,
  "_type": "gui",
  "definition": {
    "type": 0,
    "width": 292,
    "height": 180,
    "inventoryOffsetX": 0,
    "inventoryOffsetY": 0,
    "renderBgLayer": false,
    "doesPauseGame": false,
    "components": [
      {
        "type": "image",
        "data": {
          "image": "tutorial_book.png",
          "use1Xscale": false,
          "x": 67,
          "y": 30
        }
      },
      {
        "type": "imagebutton",
        "data": {
          "name": "imagebutton_back_arrow",
          "image": "back_arrow.png",
          "hoveredImage": "back_arrow_activated.png",
          "onClick": {
            "name": "OpenBossBookGui3"
          },
          "x": 67,
          "y": 210
        }
      },
      {
        "type": "imagebutton",
        "data": {
          "name": "imagebutton_next_arrow",
          "image": "next_arrow.png",
          "hoveredImage": "next_arrow_activate.png",
          "onClick": {
            "name": "OpenBossBookGui5"
          },
          "x": 341,
          "y": 210
        }
      },
      {
        "type": "imagebutton",
        "data": {
          "name": "imagebutton_home_button",
          "image": "home_button.png",
          "hoveredImage": "home_button_activated.png",
          "onClick": {
            "name": "OpenBossBookGui1"
          },
          "x": 205,
          "y": 210
        }
      },
      {
        "type": "label",
        "data": {
          "name": "label_launch_of_5_arrows_each",
          "text": {
            "fixedValue": "launch of 5 arrows each"
          },
          "color": {
            "value": -12829636,
            "falpha": 0.0
          },
          "x": 81,
          "y": 45
        }
      },
      {
        "type": "label",
        "data": {
          "name": "label_interval_of_5_ticks",
          "text": {
            "fixedValue": "interval of 5 ticks"
          },
          "color": {
            "value": -12829636,
            "falpha": 0.0
          },
          "x": 81,
          "y": 57
        }
      },
      {
        "type": "label",
        "data": {
          "name": "label_the_following_skills",
          "text": {
            "fixedValue": "The following skills"
          },
          "color": {
            "value": -12829636,
            "falpha": 0.0
          },
          "x": 82,
          "y": 69
        }
      },
      {
        "type": "label",
        "data": {
          "name": "label_released_in_the_first",
          "text": {
            "fixedValue": "released in the first"
          },
          "color": {
            "value": -12829636,
            "falpha": 0.0
          },
          "x": 82,
          "y": 81
        }
      },
      {
        "type": "label",
        "data": {
          "name": "label_10_ticks_will_have",
          "text": {
            "fixedValue": "10 ticks will have"
          },
          "color": {
            "value": -12829636,
            "falpha": 0.0
          },
          "x": 82,
          "y": 93
        }
      },
      {
        "type": "label",
        "data": {
          "name": "label_information_and_voice",
          "text": {
            "fixedValue": "information and voice"
          },
          "color": {
            "value": -12829636,
            "falpha": 0.0
          },
          "x": 83,
          "y": 105
        }
      },
      {
        "type": "label",
        "data": {
          "name": "label_promptsare_based_on",
          "text": {
            "fixedValue": "prompts,are based on"
          },
          "color": {
            "value": -12829636,
            "falpha": 0.0
          },
          "x": 83,
          "y": 117
        }
      },
      {
        "type": "label",
        "data": {
          "name": "label_every_update_tick",
          "text": {
            "fixedValue": "every update tick"
          },
          "color": {
            "value": -12829636,
            "falpha": 0.0
          },
          "x": 84,
          "y": 129
        }
      },
      {
        "type": "label",
        "data": {
          "name": "label_trigger",
          "text": {
            "fixedValue": "trigger"
          },
          "color": {
            "value": -12829636,
            "falpha": 0.0
          },
          "x": 83,
          "y": 142
        }
      },
      {
        "type": "label",
        "data": {
          "name": "label_release_chanceper_tick",
          "text": {
            "fixedValue": "Release chance(per tick)"
          },
          "color": {
            "value": -12829636,
            "falpha": 0.0
          },
          "x": 80,
          "y": 154
        }
      },
      {
        "type": "label",
        "data": {
          "name": "label_four_thousandths",
          "text": {
            "fixedValue": ":four thousandths/"
          },
          "color": {
            "value": -12829636,
            "falpha": 0.0
          },
          "x": 81,
          "y": 166
        }
      },
      {
        "type": "label",
        "data": {
          "name": "label_six_thousandths",
          "text": {
            "fixedValue": "six thousandths/"
          },
          "color": {
            "value": -12829636,
            "falpha": 0.0
          },
          "x": 90,
          "y": 179
        }
      },
      {
        "type": "label",
        "data": {
          "name": "label_eight_thousandths",
          "text": {
            "fixedValue": "eight thousandths"
          },
          "color": {
            "value": -12829636,
            "falpha": 0.0
          },
          "x": 227,
          "y": 45
        }
      },
      {
        "type": "label",
        "data": {
          "name": "label_easy_normal_difficult",
          "text": {
            "fixedValue": "(easy/normal/difficult)"
          },
          "color": {
            "value": -12829636,
            "falpha": 0.0
          },
          "x": 226,
          "y": 57
        }
      },
      {
        "type": "label",
        "data": {
          "name": "label_below_50_health",
          "text": {
            "fixedValue": "below 50 health:"
          },
          "color": {
            "value": -12829636,
            "falpha": 0.0
          },
          "x": 227,
          "y": 69
        }
      },
      {
        "type": "label",
        "data": {
          "name": "label_two_thousandths",
          "text": {
            "fixedValue": "two thousandths/"
          },
          "color": {
            "value": -12829636,
            "falpha": 0.0
          },
          "x": 226,
          "y": 81
        }
      },
      {
        "type": "label",
        "data": {
          "name": "label_four_thousandths1",
          "text": {
            "fixedValue": "four thousandths/"
          },
          "color": {
            "value": -12829636,
            "falpha": 0.0
          },
          "x": 226,
          "y": 93
        }
      },
      {
        "type": "label",
        "data": {
          "name": "label_six_thousandths1",
          "text": {
            "fixedValue": "six thousandths"
          },
          "color": {
            "value": -12829636,
            "falpha": 0.0
          },
          "x": 227,
          "y": 105
        }
      },
      {
        "type": "label",
        "data": {
          "name": "label_1cdtick140120100",
          "text": {
            "fixedValue": "1.cd(tick):140/120/100"
          },
          "color": {
            "value": -12829636,
            "falpha": 0.0
          },
          "x": 226,
          "y": 117
        }
      },
      {
        "type": "label",
        "data": {
          "name": "label_easynormaldifficult",
          "text": {
            "fixedValue": "(easy/normal/difficult)"
          },
          "color": {
            "value": -12829636,
            "falpha": 0.0
          },
          "x": 224,
          "y": 129
        }
      },
      {
        "type": "label",
        "data": {
          "name": "label_below_50_health10080",
          "text": {
            "fixedValue": "below 50 health:100/80"
          },
          "color": {
            "value": -12829636,
            "falpha": 0.0
          },
          "x": 227,
          "y": 142
        }
      },
      {
        "type": "label",
        "data": {
          "name": "label_normaldifficult",
          "text": {
            "fixedValue": "(normal/difficult)"
          },
          "color": {
            "value": -12829636,
            "falpha": 0.0
          },
          "x": 226,
          "y": 154
        }
      },
      {
        "type": "label",
        "data": {
          "name": "label_summon_blastcloned",
          "text": {
            "fixedValue": "Summon Blastcloned,"
          },
          "color": {
            "value": -12829636,
            "falpha": 0.0
          },
          "x": 227,
          "y": 166
        }
      },
      {
        "type": "label",
        "data": {
          "name": "label_blastcloned_death_and",
          "text": {
            "fixedValue": "Blastcloned death and"
          },
          "color": {
            "value": -12829636,
            "falpha": 0.0
          },
          "x": 227,
          "y": 178
        }
      }
    ],
    "gridSettings": {
      "sx": 18,
      "sy": 18,
      "ox": 11,
      "oy": 15,
      "snapOnGrid": false
    }
  }
}