{
  "_fv": 69,
  "_type": "tool",
  "definition": {
    "toolType": "Sword",
    "renderType": 0,
    "blockingRenderType": 0,
    "texture": "bronze_rapier",
    "customModelName": "Normal",
    "blockingModelName": "Normal blocking",
    "name": "Bronze Rapier",
    "specialInformation": {
      "fixedValue": [],
      "name": "BronzeToolSpecialInformation"
    },
    "creativeTabs": [
      {
        "value": "CUSTOM:Dongdongsword"
      }
    ],
    "efficiency": 6.0,
    "attackSpeed": 2.8,
    "enchantability": 14,
    "damageVsEntity": 4.4,
    "usageCount": 250,
    "glowCondition": {
      "fixedValue": false
    },
    "repairItems": [
      {
        "value": "CUSTOM:BronzeIngot"
      }
    ],
    "immuneToFire": false,
    "blockDropsTier": "IRON",
    "blocksAffected": [],
    "stayInGridWhenCrafting": false,
    "damageOnCrafting": false,
    "onEntityHitWith": {
      "name": "BronzeAxeDangShiTiBeiGongJuJiZhongShi"
    },
    "onEntitySwing": {
      "name": "TungstenSteelRapierDangShiTiHuiDongWuPinShi"
    }
  }
}