{
  "_fv": 69,
  "_type": "tool",
  "definition": {
    "toolType": "MultiTool",
    "renderType": 0,
    "blockingRenderType": 0,
    "texture": "bronze_multi",
    "customModelName": "Normal",
    "blockingModelName": "Normal blocking",
    "name": "BronzeMulti",
    "specialInformation": {
      "fixedValue": [],
      "name": "BronzeToolSpecialInformation"
    },
    "creativeTabs": [
      {
        "value": "CUSTOM:Dongdongtool"
      }
    ],
    "efficiency": 6.0,
    "attackSpeed": 0.6,
    "enchantability": 14,
    "damageVsEntity": 9.799999999999999,
    "usageCount": 250,
    "glowCondition": {
      "fixedValue": false
    },
    "repairItems": [
      {
        "value": "CUSTOM:BronzeIngot"
      }
    ],
    "immuneToFire": false,
    "blockDropsTier": "IRON",
    "blocksAffected": [],
    "stayInGridWhenCrafting": false,
    "damageOnCrafting": false,
    "onEntityHitWith": {
      "name": "BronzeAxeDangShiTiBeiGongJuJiZhongShi"
    }
  }
}