{
  "_fv": 69,
  "_type": "recipe",
  "definition": {
    "recipeType": "Smoking",
    "recipeRetstackSize": 1,
    "group": "",
    "cookingBookCategory": "FOOD",
    "xpReward": 0.4,
    "cookingTime": 200,
    "craftingBookCategory": "MISC",
    "recipeShapeless": false,
    "smokingInputStack": {
      "value": "CUSTOM:BlockatWing"
    },
    "smokingReturnStack": {
      "value": "CUSTOM:CookedBlockatWing"
    },
    "name": "cooked_blockat_wing_smoking_recipe",
    "namespace": "mod"
  }
}