{
  "_fv": 69,
  "_type": "recipe",
  "definition": {
    "recipeType": "Campfire cooking",
    "recipeRetstackSize": 1,
    "group": "",
    "cookingBookCategory": "FOOD",
    "xpReward": 0.35,
    "cookingTime": 600,
    "craftingBookCategory": "MISC",
    "recipeShapeless": false,
    "campfireCookingInputStack": {
      "value": "CUSTOM:BlockyClaw"
    },
    "campfireCookingReturnStack": {
      "value": "CUSTOM:CookedBlockyClaw"
    },
    "name": "cooked_blocky_claw_campfire_recipe",
    "namespace": "mod"
  }
}