{
  "_fv": 69,
  "_type": "recipe",
  "definition": {
    "recipeType": "Campfire cooking",
    "recipeRetstackSize": 1,
    "group": "",
    "cookingBookCategory": "FOOD",
    "xpReward": 0.4,
    "cookingTime": 1200,
    "craftingBookCategory": "MISC",
    "recipeShapeless": false,
    "campfireCookingInputStack": {
      "value": "CUSTOM:BlockatWing"
    },
    "campfireCookingReturnStack": {
      "value": "CUSTOM:CookedBlockatWing"
    },
    "name": "cooked_blockat_wing_campfire_recipe",
    "namespace": "mod"
  }
}