{
  "_fv": 69,
  "_type": "gui",
  "definition": {
    "type": 0,
    "width": 292,
    "height": 180,
    "inventoryOffsetX": 0,
    "inventoryOffsetY": 0,
    "renderBgLayer": false,
    "doesPauseGame": false,
    "components": [
      {
        "type": "image",
        "data": {
          "image": "tutorial_book.png",
          "use1Xscale": false,
          "x": 67,
          "y": 30
        }
      },
      {
        "type": "imagebutton",
        "data": {
          "name": "imagebutton_back_arrow",
          "image": "back_arrow.png",
          "hoveredImage": "back_arrow_activated.png",
          "onClick": {
            "name": "OpenBlessBookGui1"
          },
          "x": 67,
          "y": 210
        }
      },
      {
        "type": "imagebutton",
        "data": {
          "name": "imagebutton_next_arrow",
          "image": "next_arrow.png",
          "hoveredImage": "next_arrow_activate.png",
          "onClick": {
            "name": "OpenBlessBookGui3"
          },
          "x": 341,
          "y": 210
        }
      },
      {
        "type": "imagebutton",
        "data": {
          "name": "imagebutton_home_button",
          "image": "home_button.png",
          "hoveredImage": "home_button_activated.png",
          "onClick": {
            "name": "OpenBlessBookGui1"
          },
          "x": 205,
          "y": 210
        }
      },
      {
        "type": "label",
        "data": {
          "name": "label_1kill_the_mobiodineoreman_and",
          "text": {
            "fixedValue": "1.Kill mobiodineoreman"
          },
          "color": {
            "value": -12829636,
            "falpha": 0.0
          },
          "x": 81,
          "y": 45
        }
      },
      {
        "type": "label",
        "data": {
          "name": "label_and_two_bosses_in_the_mod_will_a",
          "text": {
            "fixedValue": "and two bosses in the"
          },
          "color": {
            "value": -12829636,
            "falpha": 0.0
          },
          "x": 82,
          "y": 57
        }
      },
      {
        "type": "label",
        "data": {
          "name": "label_mod_will_add_mob_iodine",
          "text": {
            "fixedValue": "mod will add mob iodine"
          },
          "color": {
            "value": -12829636,
            "falpha": 0.0
          },
          "x": 82,
          "y": 68
        }
      },
      {
        "type": "label",
        "data": {
          "name": "label_2rightclick_iodine_altar_can",
          "text": {
            "fixedValue": "2.Right-click iodine"
          },
          "color": {
            "value": -12829636,
            "falpha": 0.0
          },
          "x": 82,
          "y": 81
        }
      },
      {
        "type": "label",
        "data": {
          "name": "label_power_altar_can_consume_mob",
          "text": {
            "fixedValue": "power altar can consume"
          },
          "color": {
            "value": -12829636,
            "falpha": 0.0
          },
          "x": 81,
          "y": 93
        }
      },
      {
        "type": "label",
        "data": {
          "name": "label_mob_iodine_to_transform_into_ski",
          "text": {
            "fixedValue": "mob iodine to transform"
          },
          "color": {
            "value": -12829636,
            "falpha": 0.0
          },
          "x": 81,
          "y": 105
        }
      },
      {
        "type": "label",
        "data": {
          "name": "label_into_skill_iodine_and_iodine_pow",
          "text": {
            "fixedValue": "into skill iodine and"
          },
          "color": {
            "value": -12829636,
            "falpha": 0.0
          },
          "x": 81,
          "y": 117
        }
      },
      {
        "type": "label",
        "data": {
          "name": "label_iodine_power_level_up_to_10",
          "text": {
            "fixedValue": "iodine power level up"
          },
          "color": {
            "value": -12829636,
            "falpha": 0.0
          },
          "x": 81,
          "y": 129
        }
      },
      {
        "type": "label",
        "data": {
          "name": "label_to_10_after_level_10_you_need",
          "text": {
            "fixedValue": "to 10. After level 10,"
          },
          "color": {
            "value": -12829636,
            "falpha": 0.0
          },
          "x": 81,
          "y": 142
        }
      },
      {
        "type": "label",
        "data": {
          "name": "label_you_need_to_rightclick_iodine_p",
          "text": {
            "fixedValue": "you need to right-click"
          },
          "color": {
            "value": -12829636,
            "falpha": 0.0
          },
          "x": 81,
          "y": 154
        }
      },
      {
        "type": "label",
        "data": {
          "name": "label_iodine_power_altar_with_explosio",
          "text": {
            "fixedValue": "iodine power altar with"
          },
          "color": {
            "value": -12829636,
            "falpha": 0.0
          },
          "x": 82,
          "y": 166
        }
      },
      {
        "type": "label",
        "data": {
          "name": "label_explosionprotection_glass_to_get",
          "text": {
            "fixedValue": "Explosionprotection"
          },
          "color": {
            "value": -12829636,
            "falpha": 0.0
          },
          "x": 81,
          "y": 178
        }
      },
      {
        "type": "label",
        "data": {
          "name": "label_glass_to_get_the_second_level_io",
          "text": {
            "fixedValue": "Glass to get the second"
          },
          "color": {
            "value": -12829636,
            "falpha": 0.0
          },
          "x": 226,
          "y": 45
        }
      },
      {
        "type": "label",
        "data": {
          "name": "label_level_iodine_altar",
          "text": {
            "fixedValue": "level iodine altar."
          },
          "color": {
            "value": -12829636,
            "falpha": 0.0
          },
          "x": 227,
          "y": 57
        }
      },
      {
        "type": "label",
        "data": {
          "name": "label_generated_in_the_structures_on_t",
          "text": {
            "fixedValue": "Generated in the"
          },
          "color": {
            "value": -12829636,
            "falpha": 0.0
          },
          "x": 227,
          "y": 70
        }
      },
      {
        "type": "label",
        "data": {
          "name": "label_structures_on_the_surface_of_ove",
          "text": {
            "fixedValue": "structures on the"
          },
          "color": {
            "value": -12829636,
            "falpha": 0.0
          },
          "x": 226,
          "y": 81
        }
      },
      {
        "type": "label",
        "data": {
          "name": "label_surface_of_overworld",
          "text": {
            "fixedValue": "surface of overworld"
          },
          "color": {
            "value": -12829636,
            "falpha": 0.0
          },
          "x": 226,
          "y": 93
        }
      },
      {
        "type": "label",
        "data": {
          "name": "label_iodine_power_altar_consumes_1_mo",
          "text": {
            "fixedValue": "Iodine power altar"
          },
          "color": {
            "value": -12829636,
            "falpha": 0.0
          },
          "x": 226,
          "y": 105
        }
      },
      {
        "type": "label",
        "data": {
          "name": "label_consumes_1_mob_iodine_per_use",
          "text": {
            "fixedValue": "consumes 1 mob iodine"
          },
          "color": {
            "value": -12829636,
            "falpha": 0.0
          },
          "x": 225,
          "y": 117
        }
      },
      {
        "type": "label",
        "data": {
          "name": "label_per_use_second_level_iodine_po",
          "text": {
            "fixedValue": "per use,second level"
          },
          "color": {
            "value": -12829636,
            "falpha": 0.0
          },
          "x": 226,
          "y": 129
        }
      },
      {
        "type": "label",
        "data": {
          "name": "label_iodine_power_altar_consumes_10_m",
          "text": {
            "fixedValue": "iodine power altar"
          },
          "color": {
            "value": -12829636,
            "falpha": 0.0
          },
          "x": 225,
          "y": 142
        }
      },
      {
        "type": "label",
        "data": {
          "name": "label_consumes_10_mob_iodine_per_use",
          "text": {
            "fixedValue": "consumes 10 mob iodine"
          },
          "color": {
            "value": -12829636,
            "falpha": 0.0
          },
          "x": 224,
          "y": 154
        }
      },
      {
        "type": "label",
        "data": {
          "name": "label_per_use",
          "text": {
            "fixedValue": "per use"
          },
          "color": {
            "value": -12829636,
            "falpha": 0.0
          },
          "x": 225,
          "y": 166
        }
      }
    ],
    "gridSettings": {
      "sx": 18,
      "sy": 18,
      "ox": 11,
      "oy": 15,
      "snapOnGrid": false
    }
  }
}