{
  "_fv": 69,
  "_type": "gui",
  "definition": {
    "type": 0,
    "width": 292,
    "height": 180,
    "inventoryOffsetX": 0,
    "inventoryOffsetY": 0,
    "renderBgLayer": false,
    "doesPauseGame": false,
    "components": [
      {
        "type": "image",
        "data": {
          "image": "tutorial_book.png",
          "use1Xscale": false,
          "x": 67,
          "y": 30
        }
      },
      {
        "type": "imagebutton",
        "data": {
          "name": "imagebutton_back_arrow",
          "image": "back_arrow.png",
          "hoveredImage": "back_arrow_activated.png",
          "onClick": {
            "name": "OpenBossBookGui8"
          },
          "x": 67,
          "y": 210
        }
      },
      {
        "type": "imagebutton",
        "data": {
          "name": "imagebutton_next_arrow",
          "image": "next_arrow.png",
          "hoveredImage": "next_arrow_activate.png",
          "x": 341,
          "y": 210
        }
      },
      {
        "type": "imagebutton",
        "data": {
          "name": "imagebutton_home_button",
          "image": "home_button.png",
          "hoveredImage": "home_button_activated.png",
          "onClick": {
            "name": "OpenBossBookGui1"
          },
          "x": 205,
          "y": 210
        }
      },
      {
        "type": "label",
        "data": {
          "name": "label_lasting_20_ticks_of",
          "text": {
            "fixedValue": "lasting 20 ticks of"
          },
          "color": {
            "value": -12829636,
            "falpha": 0.0
          },
          "x": 81,
          "y": 45
        }
      },
      {
        "type": "label",
        "data": {
          "name": "label_slowness_and_blindness",
          "text": {
            "fixedValue": "slowness and blindness"
          },
          "color": {
            "value": -12829636,
            "falpha": 0.0
          },
          "x": 81,
          "y": 57
        }
      },
      {
        "type": "label",
        "data": {
          "name": "label_and_6810_damage_every",
          "text": {
            "fixedValue": "and 6/8/10 damage every"
          },
          "color": {
            "value": -12829636,
            "falpha": 0.0
          },
          "x": 80,
          "y": 69
        }
      },
      {
        "type": "label",
        "data": {
          "name": "label_5_ticks",
          "text": {
            "fixedValue": "5 ticks"
          },
          "color": {
            "value": -12829636,
            "falpha": 0.0
          },
          "x": 81,
          "y": 81
        }
      },
      {
        "type": "label",
        "data": {
          "name": "label_3sanctions_ray",
          "text": {
            "fixedValue": "3.sanctions ray,"
          },
          "color": {
            "value": -12829636,
            "falpha": 0.0
          },
          "x": 82,
          "y": 93
        }
      },
      {
        "type": "label",
        "data": {
          "name": "label_teleported_to_the_same",
          "text": {
            "fixedValue": "teleported to the same"
          },
          "color": {
            "value": -12829636,
            "falpha": 0.0
          },
          "x": 81,
          "y": 105
        }
      },
      {
        "type": "label",
        "data": {
          "name": "label_y_coordinates_with_the",
          "text": {
            "fixedValue": "y coordinates with the"
          },
          "color": {
            "value": -12829636,
            "falpha": 0.0
          },
          "x": 83,
          "y": 117
        }
      },
      {
        "type": "label",
        "data": {
          "name": "label_player10_tciks_after",
          "text": {
            "fixedValue": "player,10 tciks after"
          },
          "color": {
            "value": -12829636,
            "falpha": 0.0
          },
          "x": 83,
          "y": 129
        }
      },
      {
        "type": "label",
        "data": {
          "name": "label_the_launch_to_cause_10",
          "text": {
            "fixedValue": "the launch to cause 10"
          },
          "color": {
            "value": -12829636,
            "falpha": 0.0
          },
          "x": 82,
          "y": 142
        }
      },
      {
        "type": "label",
        "data": {
          "name": "label_damage_per_tick",
          "text": {
            "fixedValue": "damage per tick"
          },
          "color": {
            "value": -12829636,
            "falpha": 0.0
          },
          "x": 83,
          "y": 154
        }
      },
      {
        "type": "label",
        "data": {
          "name": "label_continued_to_launch_50",
          "text": {
            "fixedValue": "continued to launch 50"
          },
          "color": {
            "value": -12829636,
            "falpha": 0.0
          },
          "x": 83,
          "y": 166
        }
      },
      {
        "type": "label",
        "data": {
          "name": "label_ticks",
          "text": {
            "fixedValue": "ticks"
          },
          "color": {
            "value": -12829636,
            "falpha": 0.0
          },
          "x": 83,
          "y": 178
        }
      },
      {
        "type": "label",
        "data": {
          "name": "label_drop_light_ballconsume",
          "text": {
            "fixedValue": "Drop light ball(consume"
          },
          "color": {
            "value": -12829636,
            "falpha": 0.0
          },
          "x": 226,
          "y": 45
        }
      },
      {
        "type": "label",
        "data": {
          "name": "label_gold_nugget",
          "text": {
            "fixedValue": "gold nugget) "
          },
          "color": {
            "value": -12829636,
            "falpha": 0.0
          },
          "x": 226,
          "y": 57
        }
      },
      {
        "type": "label",
        "data": {
          "name": "label_holy_kwan_tao_right",
          "text": {
            "fixedValue": "Holy Kwan Tao right"
          },
          "color": {
            "value": -12829636,
            "falpha": 0.0
          },
          "x": 227,
          "y": 69
        }
      },
      {
        "type": "label",
        "data": {
          "name": "label_click_to_generate_a",
          "text": {
            "fixedValue": "click to generate a"
          },
          "color": {
            "value": -12829636,
            "falpha": 0.0
          },
          "x": 226,
          "y": 81
        }
      },
      {
        "type": "label",
        "data": {
          "name": "label_pillar_of_light_cd100",
          "text": {
            "fixedValue": "pillar of light cd100"
          },
          "color": {
            "value": -12829636,
            "falpha": 0.0
          },
          "x": 227,
          "y": 93
        }
      },
      {
        "type": "label",
        "data": {
          "name": "label_ticks_blue_consumption",
          "text": {
            "fixedValue": "ticks blue consumption"
          },
          "color": {
            "value": -12829636,
            "falpha": 0.0
          },
          "x": 226,
          "y": 105
        }
      },
      {
        "type": "label",
        "data": {
          "name": "label_05function_key_release",
          "text": {
            "fixedValue": "0.5,function key release"
          },
          "color": {
            "value": -12829636,
            "falpha": 0.0
          },
          "x": 225,
          "y": 117
        }
      },
      {
        "type": "label",
        "data": {
          "name": "label_sanction_ray_cd300_ticks",
          "text": {
            "fixedValue": "sanction ray cd300 ticks"
          },
          "color": {
            "value": -12829636,
            "falpha": 0.0
          },
          "x": 225,
          "y": 129
        }
      },
      {
        "type": "label",
        "data": {
          "name": "label_blue_consumption_1",
          "text": {
            "fixedValue": "blue consumption 1"
          },
          "color": {
            "value": -12829636,
            "falpha": 0.0
          },
          "x": 226,
          "y": 142
        }
      }
    ],
    "gridSettings": {
      "sx": 18,
      "sy": 18,
      "ox": 11,
      "oy": 15,
      "snapOnGrid": false
    }
  }
}