{
  "_fv": 69,
  "_type": "recipe",
  "definition": {
    "recipeType": "Brewing",
    "recipeRetstackSize": 1,
    "group": "",
    "cookingBookCategory": "MISC",
    "xpReward": 0.0,
    "cookingTime": 200,
    "craftingBookCategory": "MISC",
    "recipeShapeless": false,
    "brewingInputStack": {
      "value": "CUSTOM:DolphinsGraceBless"
    },
    "brewingIngredientStack": {
      "value": "CUSTOM:HolyBrick"
    },
    "brewingReturnStack": {
      "value": "CUSTOM:ConduitPowerBless"
    },
    "name": "conduit_power_bless_recipe",
    "namespace": "mod"
  }
}