{
  "_fv": 69,
  "_type": "recipe",
  "definition": {
    "recipeType": "Crafting",
    "recipeRetstackSize": 1,
    "group": "",
    "cookingBookCategory": "MISC",
    "xpReward": 0.0,
    "cookingTime": 200,
    "craftingBookCategory": "MISC",
    "recipeShapeless": false,
    "recipeSlots": [
      {
        "value": "CUSTOM:ElectrumNugget"
      },
      {
        "value": "CUSTOM:ElectrumNugget"
      },
      {
        "value": "CUSTOM:ElectrumNugget"
      },
      {
        "value": "CUSTOM:ElectrumNugget"
      },
      {
        "value": "CUSTOM:ElectrumNugget"
      },
      {
        "value": "CUSTOM:ElectrumNugget"
      },
      {
        "value": "CUSTOM:ElectrumNugget"
      },
      {
        "value": "CUSTOM:ElectrumNugget"
      },
      {
        "value": "CUSTOM:ElectrumNugget"
      }
    ],
    "recipeReturnStack": {
      "value": "CUSTOM:ElectrumIngot"
    },
    "name": "craft_electrum_ingot",
    "namespace": "mod"
  }
}