{
  "_fv": 62,
  "_type": "plant",
  "definition": {
    "renderType": 2,
    "texture": "acid_cactus_side",
    "textureBottom": "",
    "customModelName": "acid_cactus:default",
    "itemTexture": "",
    "particleTexture": "",
    "tintType": "No tint",
    "isItemTinted": false,
    "plantType": "growapable",
    "suspiciousStewEffect": "SPEED",
    "suspiciousStewDuration": 100,
    "growapableSpawnType": "Plains",
    "growapableMaxHeight": 3,
    "customBoundingBox": true,
    "disableOffset": false,
    "boundingBoxes": [
      {
        "mx": 1.0,
        "my": 0.0,
        "mz": 1.0,
        "Mx": 15.0,
        "My": 16.0,
        "Mz": 15.0,
        "subtract": false
      }
    ],
    "name": "Acid Cactus",
    "specialInformation": {
      "fixedValue": []
    },
    "creativeTab": {
      "value": "CUSTOM:Zhiwuhua"
    },
    "hardness": 0.0,
    "resistance": 0.0,
    "luminance": 0,
    "unbreakable": false,
    "isSolid": true,
    "isCustomSoundType": false,
    "soundOnStep": {
      "value": "PLANT"
    },
    "breakSound": {
      "value": ""
    },
    "stepSound": {
      "value": ""
    },
    "placeSound": {
      "value": ""
    },
    "hitSound": {
      "value": ""
    },
    "fallSound": {
      "value": ""
    },
    "useLootTableForDrops": false,
    "customDrop": {
      "value": ""
    },
    "dropAmount": 1,
    "forceTicking": false,
    "emissiveRendering": false,
    "hasTileEntity": false,
    "isReplaceable": false,
    "colorOnMap": "DEFAULT",
    "creativePickItem": {
      "value": ""
    },
    "offsetType": "NONE",
    "aiPathNodeType": "DEFAULT",
    "flammability": 100,
    "fireSpreadSpeed": 60,
    "jumpFactor": 1.0,
    "speedFactor": 1.0,
    "canBePlacedOn": [
      {
        "value": "Blocks.SAND#0"
      },
      {
        "value": "CUSTOM:RedGrass"
      }
    ],
    "placingCondition": {
      "name": "AcidCactusFuJiaWeiZhiShengChangTiaoJian"
    },
    "isBonemealable": false,
    "frequencyOnChunks": 40,
    "generateFeature": false,
    "restrictionBiomes": [
      {
        "value": "CUSTOM:RedPlain"
      }
    ],
    "generationType": "Flower",
    "patchSize": 16,
    "generateAtAnyHeight": false,
    "onEntityCollides": {
      "name": "AcidCactusDangShiTiZaiFangKuaiZhongPengZhuangShi"
    },
    "onEntityWalksOn": {
      "name": "AcidCactusDangShiTiZaiFangKuaiZhongPengZhuangShi"
    }
  }
}