{
  "_fv": 62,
  "_type": "gui",
  "definition": {
    "type": 1,
    "width": 176,
    "height": 166,
    "inventoryOffsetX": 0,
    "inventoryOffsetY": 0,
    "renderBgLayer": true,
    "doesPauseGame": false,
    "components": [
      {
        "type": "label",
        "data": {
          "name": "label_varfaith_point",
          "text": {
            "fixedValue": "<VAR:faith_point>",
            "name": "VAR_faith_point"
          },
          "color": {
            "value": -16777216,
            "falpha": 0.0
          },
          "x": 241,
          "y": 50
        }
      },
      {
        "type": "button",
        "data": {
          "name": "button_empty",
          "text": "+",
          "isUndecorated": false,
          "onClick": {
            "name": "FaithPointUp"
          },
          "width": 30,
          "height": 20,
          "x": 267,
          "y": 44
        }
      },
      {
        "type": "button",
        "data": {
          "name": "button_empty1",
          "text": "-",
          "isUndecorated": false,
          "onClick": {
            "name": "FaithPointDown"
          },
          "width": 30,
          "height": 20,
          "x": 190,
          "y": 44
        }
      },
      {
        "type": "label",
        "data": {
          "name": "label_varbelief_point",
          "text": {
            "fixedValue": "<VAR:belief_point>",
            "name": "VAR_belief_point"
          },
          "color": {
            "value": -16777216,
            "falpha": 0.0
          },
          "x": 240,
          "y": 75
        }
      },
      {
        "type": "button",
        "data": {
          "name": "button_empty2",
          "text": "-",
          "isUndecorated": false,
          "onClick": {
            "name": "BeliefPointDown"
          },
          "width": 30,
          "height": 20,
          "x": 191,
          "y": 71
        }
      },
      {
        "type": "button",
        "data": {
          "name": "button_empty3",
          "text": "+",
          "isUndecorated": false,
          "onClick": {
            "name": "BeliefPointUp"
          },
          "width": 30,
          "height": 20,
          "x": 267,
          "y": 71
        }
      },
      {
        "type": "label",
        "data": {
          "name": "label_xin_yang_zhi",
          "text": {
            "fixedValue": "FaithPoint:"
          },
          "color": {
            "value": -16777216,
            "falpha": 0.0
          },
          "x": 129,
          "y": 49
        }
      },
      {
        "type": "label",
        "data": {
          "name": "label_xin_nian_zhi",
          "text": {
            "fixedValue": "BeliefPoint:"
          },
          "color": {
            "value": -16777216,
            "falpha": 0.0
          },
          "x": 129,
          "y": 76
        }
      }
    ],
    "gridSettings": {
      "sx": 18,
      "sy": 18,
      "ox": 11,
      "oy": 15,
      "snapOnGrid": false
    }
  }
}