{
  "_fv": 62,
  "_type": "gui",
  "definition": {
    "type": 0,
    "width": 292,
    "height": 180,
    "inventoryOffsetX": 0,
    "inventoryOffsetY": 0,
    "renderBgLayer": false,
    "doesPauseGame": false,
    "components": [
      {
        "type": "image",
        "data": {
          "image": "tutorial_book.png",
          "use1Xscale": false,
          "x": 67,
          "y": 30
        }
      },
      {
        "type": "imagebutton",
        "data": {
          "name": "imagebutton_next_arrow",
          "image": "next_arrow.png",
          "hoveredImage": "next_arrow_activate.png",
          "onClick": {
            "name": "OpenArcaneBookGui2"
          },
          "x": 341,
          "y": 210
        }
      },
      {
        "type": "label",
        "data": {
          "name": "label_p1_1magic_storage_ring",
          "text": {
            "fixedValue": "p1 1.Magic Storage Ring"
          },
          "color": {
            "value": -16737895,
            "falpha": 0.0
          },
          "x": 80,
          "y": 45
        }
      },
      {
        "type": "imagebutton",
        "data": {
          "name": "imagebutton_underline_blank",
          "image": "underline_blank.png",
          "hoveredImage": "underline.png",
          "onClick": {
            "name": "OpenArcaneBookGui2"
          },
          "x": 80,
          "y": 45
        }
      },
      {
        "type": "label",
        "data": {
          "name": "label_p2_2blood_offered_altar",
          "text": {
            "fixedValue": "p1 2.BloodOfferedAltar"
          },
          "color": {
            "value": -16750951,
            "falpha": 0.0
          },
          "x": 80,
          "y": 57
        }
      },
      {
        "type": "imagebutton",
        "data": {
          "name": "imagebutton_underline_blank1",
          "image": "underline_blank.png",
          "hoveredImage": "underline.png",
          "onClick": {
            "name": "OpenArcaneBookGui2"
          },
          "x": 80,
          "y": 57
        }
      },
      {
        "type": "label",
        "data": {
          "name": "label_p2_3arcane_staff",
          "text": {
            "fixedValue": "p2 3.Arcane Staff"
          },
          "color": {
            "value": -10092391,
            "falpha": 0.0
          },
          "x": 80,
          "y": 69
        }
      },
      {
        "type": "imagebutton",
        "data": {
          "name": "imagebutton_underline_blank2",
          "image": "underline_blank.png",
          "hoveredImage": "underline.png",
          "onClick": {
            "name": "OpenArcaneBookGui3"
          },
          "x": 80,
          "y": 69
        }
      },
      {
        "type": "label",
        "data": {
          "name": "label_p2_4arcane_wyrm_magic_arts",
          "text": {
            "fixedValue": "p2 4.Arcane Wyrm Magic"
          },
          "color": {
            "value": -12829636,
            "falpha": 0.0
          },
          "x": 81,
          "y": 81
        }
      },
      {
        "type": "label",
        "data": {
          "name": "label_arts",
          "text": {
            "fixedValue": "Arts"
          },
          "color": {
            "value": -12829636,
            "falpha": 0.0
          },
          "x": 82,
          "y": 93
        }
      },
      {
        "type": "imagebutton",
        "data": {
          "name": "imagebutton_underline_blank3",
          "image": "underline_blank.png",
          "hoveredImage": "underline.png",
          "onClick": {
            "name": "OpenArcaneBookGui3"
          },
          "x": 80,
          "y": 81
        }
      },
      {
        "type": "imagebutton",
        "data": {
          "name": "imagebutton_underline_blank4",
          "image": "underline_blank.png",
          "hoveredImage": "underline.png",
          "onClick": {
            "name": "OpenArcaneBookGui3"
          },
          "x": 79,
          "y": 93
        }
      },
      {
        "type": "label",
        "data": {
          "name": "label_p2_5blastcloned_magic_arts",
          "text": {
            "fixedValue": "p2 5.Blastcloned Magic"
          },
          "color": {
            "value": -12829636,
            "falpha": 0.0
          },
          "x": 82,
          "y": 105
        }
      },
      {
        "type": "label",
        "data": {
          "name": "label_arts1",
          "text": {
            "fixedValue": "Arts"
          },
          "color": {
            "value": -12829636,
            "falpha": 0.0
          },
          "x": 81,
          "y": 117
        }
      },
      {
        "type": "label",
        "data": {
          "name": "label_p2_6blast_fire_meteor_magic_art",
          "text": {
            "fixedValue": "p2 6.Blast Fire Meteor"
          },
          "color": {
            "value": -12829636,
            "falpha": 0.0
          },
          "x": 82,
          "y": 129
        }
      },
      {
        "type": "label",
        "data": {
          "name": "label_magic_arts",
          "text": {
            "fixedValue": "Magic Arts"
          },
          "color": {
            "value": -12829636,
            "falpha": 0.0
          },
          "x": 82,
          "y": 142
        }
      },
      {
        "type": "imagebutton",
        "data": {
          "name": "imagebutton_underline_blank5",
          "image": "underline_blank.png",
          "hoveredImage": "underline.png",
          "onClick": {
            "name": "OpenArcaneBookGui3"
          },
          "x": 80,
          "y": 105
        }
      },
      {
        "type": "imagebutton",
        "data": {
          "name": "imagebutton_underline_blank6",
          "image": "underline_blank.png",
          "hoveredImage": "underline.png",
          "onClick": {
            "name": "OpenArcaneBookGui3"
          },
          "x": 81,
          "y": 117
        }
      },
      {
        "type": "imagebutton",
        "data": {
          "name": "imagebutton_underline_blank7",
          "image": "underline_blank.png",
          "hoveredImage": "underline.png",
          "onClick": {
            "name": "OpenArcaneBookGui3"
          },
          "x": 81,
          "y": 129
        }
      },
      {
        "type": "imagebutton",
        "data": {
          "name": "imagebutton_underline_blank8",
          "image": "underline_blank.png",
          "hoveredImage": "underline.png",
          "onClick": {
            "name": "OpenArcaneBookGui3"
          },
          "x": 81,
          "y": 142
        }
      }
    ],
    "gridSettings": {
      "sx": 18,
      "sy": 18,
      "ox": 11,
      "oy": 15,
      "snapOnGrid": false
    }
  }
}