{
  "_fv": 62,
  "_type": "biome",
  "definition": {
    "name": "Atlantis Ocean",
    "groundBlock": {
      "value": "Blocks.WATER"
    },
    "undergroundBlock": {
      "value": "Blocks.WATER"
    },
    "underwaterBlock": {
      "value": "Blocks.WATER"
    },
    "ambientSound": {
      "value": ""
    },
    "additionsSound": {
      "value": ""
    },
    "music": {
      "value": ""
    },
    "moodSound": {
      "value": ""
    },
    "moodSoundDelay": 6000,
    "spawnParticles": false,
    "particleToSpawn": {
      "value": "CUSTOM:MysteriousBlueparticle"
    },
    "particlesProbability": 0.5,
    "rainingPossibility": 0.5,
    "temperature": 1.1,
    "spawnBiome": false,
    "spawnInCaves": false,
    "spawnBiomeNether": false,
    "genTemperature": {
      "min": -2.0,
      "max": -2.0
    },
    "genHumidity": {
      "min": -2.0,
      "max": -2.0
    },
    "genContinentalness": {
      "min": -2.0,
      "max": -2.0
    },
    "genErosion": {
      "min": -2.0,
      "max": -2.0
    },
    "genWeirdness": {
      "min": -2.0,
      "max": 2.0
    },
    "treesPerChunk": 0,
    "vanillaTreeType": "Mega pine trees",
    "treeType": 0,
    "minHeight": 9,
    "treeStem": {
      "value": "Blocks.BRAIN_CORAL_BLOCK"
    },
    "treeBranch": {
      "value": "Blocks.FIRE_CORAL_BLOCK"
    },
    "treeVines": {
      "value": "Blocks.HORN_CORAL_BLOCK"
    },
    "treeFruits": {
      "value": "Blocks.TUBE_CORAL_BLOCK"
    },
    "defaultFeatures": [],
    "spawnStronghold": false,
    "spawnMineshaft": false,
    "spawnMineshaftMesa": false,
    "spawnPillagerOutpost": false,
    "villageType": "none",
    "spawnWoodlandMansion": false,
    "spawnJungleTemple": false,
    "spawnDesertPyramid": false,
    "spawnSwampHut": false,
    "spawnIgloo": false,
    "spawnOceanMonument": false,
    "spawnShipwreck": true,
    "spawnShipwreckBeached": true,
    "spawnBuriedTreasure": true,
    "oceanRuinType": "WARM",
    "spawnNetherBridge": false,
    "spawnNetherFossil": true,
    "spawnBastionRemnant": false,
    "spawnEndCity": false,
    "spawnRuinedPortal": "NONE",
    "spawnEntries": []
  }
}