{
  "_fv": 62,
  "_type": "achievement",
  "definition": {
    "achievementName": "Jackpot",
    "achievementDescription": "Get ore from the risk block",
    "achievementIcon": {
      "value": "CUSTOM:AwardTrigger"
    },
    "background": "Default",
    "disableDisplay": false,
    "showPopup": true,
    "announceToChat": true,
    "hideIfNotCompleted": false,
    "rewardLoot": [],
    "rewardRecipes": [],
    "rewardFunction": "No function",
    "rewardXP": 16,
    "achievementType": "task",
    "parent": {
      "value": "CUSTOM:Risk"
    },
    "triggerxml": "<?xml version=\"1.0\" encoding=\"UTF-8\" standalone=\"no\"?><xml xmlns=\"https://developers.google.com/blockly/xml\"><block deletable=\"false\" type=\"advancement_trigger\" x=\"40\" y=\"80\"><next><block type=\"custom_trigger\" x=\"39\" y=\"176\"/></next></block></xml>"
  }
}