{
  "_fv": 62,
  "_type": "recipe",
  "definition": {
    "recipeType": "Blasting",
    "recipeRetstackSize": 1,
    "group": "",
    "cookingBookCategory": "BLOCKS",
    "xpReward": 18.0,
    "cookingTime": 100,
    "craftingBookCategory": "MISC",
    "recipeShapeless": false,
    "blastingInputStack": {
      "value": "CUSTOM:RawWhitesherryBlock"
    },
    "blastingReturnStack": {
      "value": "CUSTOM:WhitesherryBlock"
    },
    "name": "blast_raw_whitesherry_block_recipe",
    "namespace": "mod"
  }
}