{
  "_fv": 62,
  "_type": "gui",
  "definition": {
    "type": 0,
    "width": 292,
    "height": 180,
    "inventoryOffsetX": 0,
    "inventoryOffsetY": 0,
    "renderBgLayer": false,
    "doesPauseGame": false,
    "components": [
      {
        "type": "image",
        "data": {
          "image": "tutorial_book.png",
          "use1Xscale": false,
          "x": 67,
          "y": 30
        }
      },
      {
        "type": "imagebutton",
        "data": {
          "name": "imagebutton_back_arrow",
          "image": "back_arrow.png",
          "hoveredImage": "back_arrow_activated.png",
          "onClick": {
            "name": "OpenBlessBookGui5"
          },
          "x": 67,
          "y": 210
        }
      },
      {
        "type": "imagebutton",
        "data": {
          "name": "imagebutton_next_arrow",
          "image": "next_arrow.png",
          "hoveredImage": "next_arrow_activate.png",
          "onClick": {
            "name": "OpenBlessBookGui7"
          },
          "x": 341,
          "y": 210
        }
      },
      {
        "type": "imagebutton",
        "data": {
          "name": "imagebutton_home_button",
          "image": "home_button.png",
          "hoveredImage": "home_button_activated.png",
          "onClick": {
            "name": "OpenBlessBookGui1"
          },
          "x": 205,
          "y": 210
        }
      },
      {
        "type": "label",
        "data": {
          "name": "label_8priest_villagers_will_sell_imi",
          "text": {
            "fixedValue": "8.Priest villagers will"
          },
          "color": {
            "value": -12829636,
            "falpha": 0.0
          },
          "x": 80,
          "y": 45
        }
      },
      {
        "type": "label",
        "data": {
          "name": "label_sell_imitation_holy_bricksuse",
          "text": {
            "fixedValue": "sell imitation holy"
          },
          "color": {
            "value": -12829636,
            "falpha": 0.0
          },
          "x": 80,
          "y": 57
        }
      },
      {
        "type": "label",
        "data": {
          "name": "label_bricksuse_powder_machine",
          "text": {
            "fixedValue": "bricks,use Powder"
          },
          "color": {
            "value": -12829636,
            "falpha": 0.0
          },
          "x": 81,
          "y": 69
        }
      },
      {
        "type": "label",
        "data": {
          "name": "label_machine_to_beat_glowstone",
          "text": {
            "fixedValue": "Machine to beat"
          },
          "color": {
            "value": -12829636,
            "falpha": 0.0
          },
          "x": 80,
          "y": 81
        }
      },
      {
        "type": "label",
        "data": {
          "name": "label_glowstone_into_refine",
          "text": {
            "fixedValue": "Glowstone into Refine"
          },
          "color": {
            "value": -12829636,
            "falpha": 0.0
          },
          "x": 81,
          "y": 93
        }
      },
      {
        "type": "label",
        "data": {
          "name": "label_glow_stone_dustand_then",
          "text": {
            "fixedValue": "Glow Stone Dust,and"
          },
          "color": {
            "value": -12829636,
            "falpha": 0.0
          },
          "x": 81,
          "y": 105
        }
      },
      {
        "type": "label",
        "data": {
          "name": "label_then_use_activation_bless_on",
          "text": {
            "fixedValue": "then use activation"
          },
          "color": {
            "value": -12829636,
            "falpha": 0.0
          },
          "x": 81,
          "y": 117
        }
      },
      {
        "type": "label",
        "data": {
          "name": "label_bless_on_refine_glow_stone",
          "text": {
            "fixedValue": "bless on Refine Glow"
          },
          "color": {
            "value": -12829636,
            "falpha": 0.0
          },
          "x": 83,
          "y": 129
        }
      },
      {
        "type": "label",
        "data": {
          "name": "label_stone_dust_to_make_it_into_livin",
          "text": {
            "fixedValue": "Stone Dust to make it"
          },
          "color": {
            "value": -12829636,
            "falpha": 0.0
          },
          "x": 82,
          "y": 142
        }
      },
      {
        "type": "label",
        "data": {
          "name": "label_into_living_glowstone_dust",
          "text": {
            "fixedValue": "into Living Glowstone"
          },
          "color": {
            "value": -12829636,
            "falpha": 0.0
          },
          "x": 81,
          "y": 154
        }
      },
      {
        "type": "label",
        "data": {
          "name": "label_dust",
          "text": {
            "fixedValue": "Dust"
          },
          "color": {
            "value": -12829636,
            "falpha": 0.0
          },
          "x": 83,
          "y": 166
        }
      },
      {
        "type": "label",
        "data": {
          "name": "label_imitation_holy_brick_can_deal_da",
          "text": {
            "fixedValue": "Imitation holy brick"
          },
          "color": {
            "value": -12829636,
            "falpha": 0.0
          },
          "x": 80,
          "y": 178
        }
      },
      {
        "type": "label",
        "data": {
          "name": "label_can_deal_damage_to_undead",
          "text": {
            "fixedValue": "can deal damage to"
          },
          "color": {
            "value": -12829636,
            "falpha": 0.0
          },
          "x": 226,
          "y": 45
        }
      },
      {
        "type": "label",
        "data": {
          "name": "label_undead_creatures_standing",
          "text": {
            "fixedValue": "undead creatures"
          },
          "color": {
            "value": -12829636,
            "falpha": 0.0
          },
          "x": 226,
          "y": 57
        }
      },
      {
        "type": "label",
        "data": {
          "name": "label_standing_on_itand_the",
          "text": {
            "fixedValue": "standing on it,and the"
          },
          "color": {
            "value": -12829636,
            "falpha": 0.0
          },
          "x": 226,
          "y": 69
        }
      },
      {
        "type": "label",
        "data": {
          "name": "label_holy_bricks_also_have_a_slowing",
          "text": {
            "fixedValue": "holy bricks also have a"
          },
          "color": {
            "value": -12829636,
            "falpha": 0.0
          },
          "x": 226,
          "y": 81
        }
      },
      {
        "type": "label",
        "data": {
          "name": "label_slowing_effect",
          "text": {
            "fixedValue": "slowing effect"
          },
          "color": {
            "value": -12829636,
            "falpha": 0.0
          },
          "x": 226,
          "y": 93
        }
      },
      {
        "type": "label",
        "data": {
          "name": "label_recipe",
          "text": {
            "fixedValue": "recipe: "
          },
          "color": {
            "value": -12829636,
            "falpha": 0.0
          },
          "x": 226,
          "y": 105
        }
      },
      {
        "type": "label",
        "data": {
          "name": "label_i_i_i",
          "text": {
            "fixedValue": "I I I"
          },
          "color": {
            "value": -12829636,
            "falpha": 0.0
          },
          "x": 225,
          "y": 117
        }
      },
      {
        "type": "label",
        "data": {
          "name": "label_i_i_i1",
          "text": {
            "fixedValue": "I I I"
          },
          "color": {
            "value": -12829636,
            "falpha": 0.0
          },
          "x": 225,
          "y": 142
        }
      },
      {
        "type": "label",
        "data": {
          "name": "label_i_l_i",
          "text": {
            "fixedValue": "I L I"
          },
          "color": {
            "value": -12829636,
            "falpha": 0.0
          },
          "x": 225,
          "y": 129
        }
      },
      {
        "type": "label",
        "data": {
          "name": "label_iimitation_holy_brick",
          "text": {
            "fixedValue": "I=Imitation Holy Brick"
          },
          "color": {
            "value": -12829636,
            "falpha": 0.0
          },
          "x": 225,
          "y": 154
        }
      },
      {
        "type": "label",
        "data": {
          "name": "label_lliving_glowstone_dust",
          "text": {
            "fixedValue": "L=Living Glowstone Dust"
          },
          "color": {
            "value": -12829636,
            "falpha": 0.0
          },
          "x": 226,
          "y": 166
        }
      }
    ],
    "gridSettings": {
      "sx": 18,
      "sy": 18,
      "ox": 11,
      "oy": 15,
      "snapOnGrid": false
    }
  }
}