{
  "_fv": 62,
  "_type": "gui",
  "definition": {
    "type": 0,
    "width": 292,
    "height": 180,
    "inventoryOffsetX": 0,
    "inventoryOffsetY": 0,
    "renderBgLayer": false,
    "doesPauseGame": false,
    "components": [
      {
        "type": "image",
        "data": {
          "image": "tutorial_book.png",
          "use1Xscale": false,
          "x": 67,
          "y": 30
        }
      },
      {
        "type": "imagebutton",
        "data": {
          "name": "imagebutton_back_arrow",
          "image": "back_arrow.png",
          "hoveredImage": "back_arrow_activated.png",
          "onClick": {
            "name": "OpenBlessBookGui6"
          },
          "x": 67,
          "y": 210
        }
      },
      {
        "type": "imagebutton",
        "data": {
          "name": "imagebutton_next_arrow",
          "image": "next_arrow.png",
          "hoveredImage": "next_arrow_activate.png",
          "onClick": {
            "name": "OpenBlessBookGui8"
          },
          "x": 341,
          "y": 210
        }
      },
      {
        "type": "imagebutton",
        "data": {
          "name": "imagebutton_home_button",
          "image": "home_button.png",
          "hoveredImage": "home_button_activated.png",
          "onClick": {
            "name": "OpenBlessBookGui1"
          },
          "x": 205,
          "y": 210
        }
      },
      {
        "type": "label",
        "data": {
          "name": "label_professional_clergyman",
          "text": {
            "fixedValue": "Professional Clergyman"
          },
          "color": {
            "value": -12829636,
            "falpha": 0.0
          },
          "x": 82,
          "y": 69
        }
      },
      {
        "type": "label",
        "data": {
          "name": "label_put_the_item_on_the_off_hand",
          "text": {
            "fixedValue": "put the item on the off"
          },
          "color": {
            "value": -12829636,
            "falpha": 0.0
          },
          "x": 82,
          "y": 81
        }
      },
      {
        "type": "label",
        "data": {
          "name": "label_hand_to_bless_itit_can_transfor",
          "text": {
            "fixedValue": "hand to bless it,it can"
          },
          "color": {
            "value": -12829636,
            "falpha": 0.0
          },
          "x": 81,
          "y": 93
        }
      },
      {
        "type": "label",
        "data": {
          "name": "label_transform_iodine_dust_into_livin",
          "text": {
            "fixedValue": "transform iodine dust"
          },
          "color": {
            "value": -12829636,
            "falpha": 0.0
          },
          "x": 82,
          "y": 105
        }
      },
      {
        "type": "label",
        "data": {
          "name": "label_into_living_iodine_dustand_righ",
          "text": {
            "fixedValue": "into living iodine dust"
          },
          "color": {
            "value": -12829636,
            "falpha": 0.0
          },
          "x": 82,
          "y": 117
        }
      },
      {
        "type": "label",
        "data": {
          "name": "label_and_right_click_iodine_ore_with",
          "text": {
            "fixedValue": "and right click iodine"
          },
          "color": {
            "value": -12829636,
            "falpha": 0.0
          },
          "x": 81,
          "y": 129
        }
      },
      {
        "type": "label",
        "data": {
          "name": "label_ore_with_it_to_transform_it",
          "text": {
            "fixedValue": "ore with it to"
          },
          "color": {
            "value": -12829636,
            "falpha": 0.0
          },
          "x": 82,
          "y": 142
        }
      },
      {
        "type": "label",
        "data": {
          "name": "label_transform_it_into_mob_iodine_ore",
          "text": {
            "fixedValue": "transform it into Mob"
          },
          "color": {
            "value": -12829636,
            "falpha": 0.0
          },
          "x": 82,
          "y": 154
        }
      },
      {
        "type": "label",
        "data": {
          "name": "label_iodine_ore_man",
          "text": {
            "fixedValue": "Iodine Ore Man"
          },
          "color": {
            "value": -12829636,
            "falpha": 0.0
          },
          "x": 83,
          "y": 166
        }
      },
      {
        "type": "label",
        "data": {
          "name": "label_be_bought_from",
          "text": {
            "fixedValue": "be bought from"
          },
          "color": {
            "value": -12829636,
            "falpha": 0.0
          },
          "x": 83,
          "y": 57
        }
      },
      {
        "type": "label",
        "data": {
          "name": "label_9activate_bless_can",
          "text": {
            "fixedValue": "9.Activate bless can"
          },
          "color": {
            "value": -12829636,
            "falpha": 0.0
          },
          "x": 81,
          "y": 45
        }
      },
      {
        "type": "label",
        "data": {
          "name": "label_activate_bless_and",
          "text": {
            "fixedValue": "Activate Bless and"
          },
          "color": {
            "value": -12829636,
            "falpha": 0.0
          },
          "x": 83,
          "y": 178
        }
      },
      {
        "type": "label",
        "data": {
          "name": "label_imitation_holy_brick",
          "text": {
            "fixedValue": "Imitation Holy Brick"
          },
          "color": {
            "value": -12829636,
            "falpha": 0.0
          },
          "x": 226,
          "y": 45
        }
      },
      {
        "type": "label",
        "data": {
          "name": "label_can_craft_activate_bless",
          "text": {
            "fixedValue": "can craft Activate Bless"
          },
          "color": {
            "value": -12829636,
            "falpha": 0.0
          },
          "x": 226,
          "y": 57
        }
      },
      {
        "type": "label",
        "data": {
          "name": "label_level2which_can",
          "text": {
            "fixedValue": "Level2,which can"
          },
          "color": {
            "value": -12829636,
            "falpha": 0.0
          },
          "x": 226,
          "y": 69
        }
      },
      {
        "type": "label",
        "data": {
          "name": "label_transform_iodine_ore",
          "text": {
            "fixedValue": "transform iodine ore"
          },
          "color": {
            "value": -12829636,
            "falpha": 0.0
          },
          "x": 226,
          "y": 81
        }
      },
      {
        "type": "label",
        "data": {
          "name": "label_within_5x5x5_range_of",
          "text": {
            "fixedValue": "within 5x5x5 range of"
          },
          "color": {
            "value": -12829636,
            "falpha": 0.0
          },
          "x": 226,
          "y": 93
        }
      },
      {
        "type": "label",
        "data": {
          "name": "label_itself_into_mob_iodine",
          "text": {
            "fixedValue": "itself into Mob Iodine"
          },
          "color": {
            "value": -12829636,
            "falpha": 0.0
          },
          "x": 226,
          "y": 105
        }
      },
      {
        "type": "label",
        "data": {
          "name": "label_ore_man",
          "text": {
            "fixedValue": "Ore Man"
          },
          "color": {
            "value": -12829636,
            "falpha": 0.0
          },
          "x": 226,
          "y": 117
        }
      }
    ],
    "gridSettings": {
      "sx": 18,
      "sy": 18,
      "ox": 11,
      "oy": 15,
      "snapOnGrid": false
    }
  }
}