{
  "_fv": 62,
  "_type": "gui",
  "definition": {
    "type": 0,
    "width": 292,
    "height": 180,
    "inventoryOffsetX": 0,
    "inventoryOffsetY": 0,
    "renderBgLayer": false,
    "doesPauseGame": false,
    "components": [
      {
        "type": "image",
        "data": {
          "image": "tutorial_book.png",
          "use1Xscale": false,
          "x": 67,
          "y": 30
        }
      },
      {
        "type": "imagebutton",
        "data": {
          "name": "imagebutton_back_arrow",
          "image": "back_arrow.png",
          "hoveredImage": "back_arrow_activated.png",
          "onClick": {
            "name": "OpenBlessBookGui10"
          },
          "x": 67,
          "y": 210
        }
      },
      {
        "type": "imagebutton",
        "data": {
          "name": "imagebutton_next_arrow",
          "image": "next_arrow.png",
          "hoveredImage": "next_arrow_activate.png",
          "onClick": {
            "name": "OpenBlessBookGui12"
          },
          "x": 341,
          "y": 210
        }
      },
      {
        "type": "imagebutton",
        "data": {
          "name": "imagebutton_home_button",
          "image": "home_button.png",
          "hoveredImage": "home_button_activated.png",
          "onClick": {
            "name": "OpenBlessBookGui1"
          },
          "x": 205,
          "y": 210
        }
      },
      {
        "type": "label",
        "data": {
          "name": "label_each_sing_will_increase",
          "text": {
            "fixedValue": "Each Sing will increase"
          },
          "color": {
            "value": -12829636,
            "falpha": 0.0
          },
          "x": 79,
          "y": 45
        }
      },
      {
        "type": "label",
        "data": {
          "name": "label_the_singing_progression",
          "text": {
            "fixedValue": "the Singing progression"
          },
          "color": {
            "value": -12829636,
            "falpha": 0.0
          },
          "x": 79,
          "y": 57
        }
      },
      {
        "type": "label",
        "data": {
          "name": "label_the_maximum_10000",
          "text": {
            "fixedValue": "the maximum 10,000"
          },
          "color": {
            "value": -12829636,
            "falpha": 0.0
          },
          "x": 81,
          "y": 69
        }
      },
      {
        "type": "label",
        "data": {
          "name": "label_each_point_reduces_the",
          "text": {
            "fixedValue": "each point reduces the"
          },
          "color": {
            "value": -12829636,
            "falpha": 0.0
          },
          "x": 82,
          "y": 81
        }
      },
      {
        "type": "label",
        "data": {
          "name": "label_singing_time_required",
          "text": {
            "fixedValue": "Singing time required"
          },
          "color": {
            "value": -12829636,
            "falpha": 0.0
          },
          "x": 83,
          "y": 93
        }
      },
      {
        "type": "label",
        "data": {
          "name": "label_for_0001_ticks_of_bless",
          "text": {
            "fixedValue": "for 0.001ticks of bless"
          },
          "color": {
            "value": -12829636,
            "falpha": 0.0
          },
          "x": 80,
          "y": 105
        }
      },
      {
        "type": "label",
        "data": {
          "name": "label_13you_can_consume_the",
          "text": {
            "fixedValue": "13.You can consume the"
          },
          "color": {
            "value": -12829636,
            "falpha": 0.0
          },
          "x": 226,
          "y": 45
        }
      },
      {
        "type": "label",
        "data": {
          "name": "label_skill_iodine_on_the",
          "text": {
            "fixedValue": "skill iodine on the"
          },
          "color": {
            "value": -12829636,
            "falpha": 0.0
          },
          "x": 226,
          "y": 57
        }
      },
      {
        "type": "label",
        "data": {
          "name": "label_adding_points_table_to",
          "text": {
            "fixedValue": "Adding Points Table to"
          },
          "color": {
            "value": -12829636,
            "falpha": 0.0
          },
          "x": 226,
          "y": 69
        }
      },
      {
        "type": "label",
        "data": {
          "name": "label_improve_the_belief",
          "text": {
            "fixedValue": "improve the belief"
          },
          "color": {
            "value": -12829636,
            "falpha": 0.0
          },
          "x": 226,
          "y": 81
        }
      },
      {
        "type": "label",
        "data": {
          "name": "label_point_and_faith_point",
          "text": {
            "fixedValue": "point and faith point"
          },
          "color": {
            "value": -12829636,
            "falpha": 0.0
          },
          "x": 226,
          "y": 93
        }
      },
      {
        "type": "label",
        "data": {
          "name": "label_recipe",
          "text": {
            "fixedValue": "recipe:"
          },
          "color": {
            "value": -12829636,
            "falpha": 0.0
          },
          "x": 227,
          "y": 105
        }
      },
      {
        "type": "label",
        "data": {
          "name": "label_g_g_g",
          "text": {
            "fixedValue": "G G G"
          },
          "color": {
            "value": -12829636,
            "falpha": 0.0
          },
          "x": 228,
          "y": 117
        }
      },
      {
        "type": "label",
        "data": {
          "name": "label_g_d_g",
          "text": {
            "fixedValue": "G D G"
          },
          "color": {
            "value": -12829636,
            "falpha": 0.0
          },
          "x": 228,
          "y": 129
        }
      },
      {
        "type": "label",
        "data": {
          "name": "label_s_s_s",
          "text": {
            "fixedValue": "S S S"
          },
          "color": {
            "value": -12829636,
            "falpha": 0.0
          },
          "x": 228,
          "y": 142
        }
      },
      {
        "type": "label",
        "data": {
          "name": "label_gglass",
          "text": {
            "fixedValue": "G=glass"
          },
          "color": {
            "value": -12829636,
            "falpha": 0.0
          },
          "x": 263,
          "y": 117
        }
      },
      {
        "type": "label",
        "data": {
          "name": "label_sstone",
          "text": {
            "fixedValue": "S=stone"
          },
          "color": {
            "value": -12829636,
            "falpha": 0.0
          },
          "x": 263,
          "y": 129
        }
      },
      {
        "type": "label",
        "data": {
          "name": "label_ddongdong_dimension",
          "text": {
            "fixedValue": "D=Dongdong Dimension"
          },
          "color": {
            "value": -12829636,
            "falpha": 0.0
          },
          "x": 226,
          "y": 154
        }
      },
      {
        "type": "label",
        "data": {
          "name": "label_portal_igniter",
          "text": {
            "fixedValue": "Portal Igniter"
          },
          "color": {
            "value": -12829636,
            "falpha": 0.0
          },
          "x": 226,
          "y": 166
        }
      }
    ],
    "gridSettings": {
      "sx": 18,
      "sy": 18,
      "ox": 11,
      "oy": 15,
      "snapOnGrid": false
    }
  }
}