{
  "_fv": 62,
  "_type": "gui",
  "definition": {
    "type": 0,
    "width": 292,
    "height": 180,
    "inventoryOffsetX": 0,
    "inventoryOffsetY": 0,
    "renderBgLayer": false,
    "doesPauseGame": false,
    "components": [
      {
        "type": "image",
        "data": {
          "image": "tutorial_book.png",
          "use1Xscale": false,
          "x": 67,
          "y": 30
        }
      },
      {
        "type": "imagebutton",
        "data": {
          "name": "imagebutton_back_arrow",
          "image": "back_arrow.png",
          "hoveredImage": "back_arrow_activated.png",
          "onClick": {
            "name": "OpenBlessBookGui4"
          },
          "x": 67,
          "y": 210
        }
      },
      {
        "type": "imagebutton",
        "data": {
          "name": "imagebutton_next_arrow",
          "image": "next_arrow.png",
          "hoveredImage": "next_arrow_activate.png",
          "onClick": {
            "name": "OpenBlessBookGui6"
          },
          "x": 341,
          "y": 210
        }
      },
      {
        "type": "imagebutton",
        "data": {
          "name": "imagebutton_home_button",
          "image": "home_button.png",
          "hoveredImage": "home_button_activated.png",
          "onClick": {
            "name": "OpenBlessBookGui1"
          },
          "x": 205,
          "y": 210
        }
      },
      {
        "type": "label",
        "data": {
          "name": "label_instant_health",
          "text": {
            "fixedValue": "Instant health Haste"
          },
          "color": {
            "value": -12829636,
            "falpha": 0.0
          },
          "x": 81,
          "y": 45
        }
      },
      {
        "type": "label",
        "data": {
          "name": "label_level_2dolphins_grace",
          "text": {
            "fixedValue": "Level 2:Dolphin's Grace"
          },
          "color": {
            "value": -12829636,
            "falpha": 0.0
          },
          "x": 80,
          "y": 57
        }
      },
      {
        "type": "label",
        "data": {
          "name": "label_water_breathing",
          "text": {
            "fixedValue": "Water breathing"
          },
          "color": {
            "value": -12829636,
            "falpha": 0.0
          },
          "x": 82,
          "y": 69
        }
      },
      {
        "type": "label",
        "data": {
          "name": "label_level_3regeneration_fire",
          "text": {
            "fixedValue": "Level 3:Regeneration"
          },
          "color": {
            "value": -12829636,
            "falpha": 0.0
          },
          "x": 81,
          "y": 81
        }
      },
      {
        "type": "label",
        "data": {
          "name": "label_fire_resistance_strength",
          "text": {
            "fixedValue": "Fire resistance"
          },
          "color": {
            "value": -12829636,
            "falpha": 0.0
          },
          "x": 80,
          "y": 93
        }
      },
      {
        "type": "label",
        "data": {
          "name": "label_strength",
          "text": {
            "fixedValue": "Strength Activate leve2"
          },
          "color": {
            "value": -12829636,
            "falpha": 0.0
          },
          "x": 82,
          "y": 105
        }
      },
      {
        "type": "label",
        "data": {
          "name": "label_level_4conduit_power",
          "text": {
            "fixedValue": "Level 4:Conduit power"
          },
          "color": {
            "value": -12829636,
            "falpha": 0.0
          },
          "x": 82,
          "y": 117
        }
      },
      {
        "type": "label",
        "data": {
          "name": "label_health_boost",
          "text": {
            "fixedValue": "Health boost Saturation"
          },
          "color": {
            "value": -12829636,
            "falpha": 0.0
          },
          "x": 81,
          "y": 129
        }
      },
      {
        "type": "label",
        "data": {
          "name": "label_level_5absorption_resistance",
          "text": {
            "fixedValue": "Level 5:Absorption"
          },
          "color": {
            "value": -12829636,
            "falpha": 0.0
          },
          "x": 82,
          "y": 142
        }
      },
      {
        "type": "label",
        "data": {
          "name": "label_resistance_hero_of_the_village",
          "text": {
            "fixedValue": "Resistance Hero of the"
          },
          "color": {
            "value": -12829636,
            "falpha": 0.0
          },
          "x": 81,
          "y": 154
        }
      },
      {
        "type": "label",
        "data": {
          "name": "label_village",
          "text": {
            "fixedValue": "Village"
          },
          "color": {
            "value": -12829636,
            "falpha": 0.0
          },
          "x": 83,
          "y": 166
        }
      },
      {
        "type": "label",
        "data": {
          "name": "label_7_iodine_professional_clergyman",
          "text": {
            "fixedValue": "7.Iodine Professional"
          },
          "color": {
            "value": -12829636,
            "falpha": 0.0
          },
          "x": 226,
          "y": 45
        }
      },
      {
        "type": "label",
        "data": {
          "name": "label_clergyman_generated_in_the_overw",
          "text": {
            "fixedValue": "Clergyman generated in"
          },
          "color": {
            "value": -12829636,
            "falpha": 0.0
          },
          "x": 226,
          "y": 57
        }
      },
      {
        "type": "label",
        "data": {
          "name": "label_the_overworld_surface_of_the_str",
          "text": {
            "fixedValue": "the overworld surface"
          },
          "color": {
            "value": -12829636,
            "falpha": 0.0
          },
          "x": 225,
          "y": 69
        }
      },
      {
        "type": "label",
        "data": {
          "name": "label_of_the_structure_you_can_trade",
          "text": {
            "fixedValue": "of the structure,you"
          },
          "color": {
            "value": -12829636,
            "falpha": 0.0
          },
          "x": 226,
          "y": 81
        }
      },
      {
        "type": "label",
        "data": {
          "name": "label_can_trade_with_him_with_experien",
          "text": {
            "fixedValue": "can trade with him with"
          },
          "color": {
            "value": -12829636,
            "falpha": 0.0
          },
          "x": 226,
          "y": 93
        }
      },
      {
        "type": "label",
        "data": {
          "name": "label_experience_to_obtain_the_most_in",
          "text": {
            "fixedValue": "experience to obtain"
          },
          "color": {
            "value": -12829636,
            "falpha": 0.0
          },
          "x": 226,
          "y": 105
        }
      },
      {
        "type": "label",
        "data": {
          "name": "label_the_most_initial_three_bless",
          "text": {
            "fixedValue": "the most initial three"
          },
          "color": {
            "value": -12829636,
            "falpha": 0.0
          },
          "x": 224,
          "y": 117
        }
      },
      {
        "type": "label",
        "data": {
          "name": "label_bless",
          "text": {
            "fixedValue": "bless"
          },
          "color": {
            "value": -12829636,
            "falpha": 0.0
          },
          "x": 226,
          "y": 129
        }
      }
    ],
    "gridSettings": {
      "sx": 18,
      "sy": 18,
      "ox": 11,
      "oy": 15,
      "snapOnGrid": false
    }
  }
}