{
  "_fv": 62,
  "_type": "recipe",
  "definition": {
    "recipeType": "Crafting",
    "recipeRetstackSize": 1,
    "group": "",
    "cookingBookCategory": "MISC",
    "xpReward": 0.0,
    "cookingTime": 200,
    "craftingBookCategory": "EQUIPMENT",
    "recipeShapeless": false,
    "recipeSlots": [
      {
        "value": "CUSTOM:Wugangli"
      },
      {
        "value": "Blocks.GLASS_PANE"
      },
      {
        "value": "CUSTOM:Wugangli"
      },
      {
        "value": ""
      },
      {
        "value": "CUSTOM:Wugangli"
      },
      {
        "value": ""
      },
      {
        "value": ""
      },
      {
        "value": "CUSTOM:Wugangbang"
      },
      {
        "value": ""
      }
    ],
    "recipeReturnStack": {
      "value": "CUSTOM:BlockOffsetMeters"
    },
    "name": "block_offset_meters_recipe",
    "namespace": "mod"
  }
}