{
  "_fv": 62,
  "_type": "achievement",
  "definition": {
    "achievementName": "Blood Feud",
    "achievementDescription": "Take more than 30 damage from the player",
    "achievementIcon": {
      "value": "Blocks.SKULL#3"
    },
    "background": "Default",
    "disableDisplay": false,
    "showPopup": true,
    "announceToChat": true,
    "hideIfNotCompleted": false,
    "rewardLoot": [],
    "rewardRecipes": [],
    "rewardFunction": "No function",
    "rewardXP": 5,
    "achievementType": "task",
    "parent": {
      "value": "CUSTOM:Kaishi"
    },
    "triggerxml": "<xml xmlns=\"https://developers.google.com/blockly/xml\"><block type=\"advancement_trigger\" deletable=\"false\" x=\"71\" y=\"14\"><next><block type=\"entity_hurt_player\"><field name=\"sourceentity\">EntityPlayer</field><field name=\"blocked\">FALSE</field><value name=\"minDamage\"><block type=\"math_number\"><field name=\"NUM\">30</field></block></value><value name=\"maxDamage\"><block type=\"math_number\"><field name=\"NUM\">100</field></block></value></block></next></block></xml>"
  }
}