{
  "_fv": 62,
  "_type": "command",
  "definition": {
    "commandName": "bookget",
    "type": "STANDARD",
    "permissionLevel": "No requirement",
    "argsxml": "<xml xmlns=\"https://developers.google.com/blockly/xml\"><block type=\"args_start\" deletable=\"false\" x=\"49\" y=\"70\"><next><block type=\"literal\"><field name=\"name\">CommandBook</field><statement name=\"args\"><block type=\"call_procedure\"><field name=\"procedure\">GetCommandBook</field></block></statement><next><block type=\"literal\"><field name=\"name\">OreBook</field><statement name=\"args\"><block type=\"call_procedure\"><field name=\"procedure\">GetOreBook</field></block></statement><next><block type=\"literal\"><field name=\"name\">MachineBook</field><statement name=\"args\"><block type=\"call_procedure\"><field name=\"procedure\">GetMachineBook</field></block></statement><next><block type=\"literal\"><field name=\"name\">ArcaneBook</field><statement name=\"args\"><block type=\"call_procedure\"><field name=\"procedure\">GetArcaneBook</field></block></statement><next><block type=\"literal\"><field name=\"name\">BlessBook</field><statement name=\"args\"><block type=\"call_procedure\"><field name=\"procedure\">GetBlessBook</field></block></statement><next><block type=\"literal\"><field name=\"name\">EntityBook</field><statement name=\"args\"><block type=\"call_procedure\"><field name=\"procedure\">GetEntityBook</field></block></statement><next><block type=\"literal\"><field name=\"name\">StructureBook</field><statement name=\"args\"><block type=\"call_procedure\"><field name=\"procedure\">GetStructureBook</field></block></statement><next><block type=\"literal\"><field name=\"name\">DimensionBook</field><statement name=\"args\"><block type=\"call_procedure\"><field name=\"procedure\">GetDimensionBook</field></block></statement><next><block type=\"literal\"><field name=\"name\">BossBook</field><statement name=\"args\"><block type=\"call_procedure\"><field name=\"procedure\">GetBossBook</field></block></statement><next><block type=\"literal\"><field name=\"name\">EnchantmentCyclopedia</field><statement name=\"args\"><block type=\"call_procedure\"><field name=\"procedure\">GetEnchantmentCyclopedia</field></block></statement><next><block type=\"literal\"><field name=\"name\">PlantBook</field><statement name=\"args\"><block type=\"call_procedure\"><field name=\"procedure\">GetPlantBook</field></block></statement><next><block type=\"literal\"><field name=\"name\">MiscBook</field><statement name=\"args\"><block type=\"call_procedure\"><field name=\"procedure\">GetMiscBook</field></block></statement><next><block type=\"literal\"><field name=\"name\">CombatBook</field><statement name=\"args\"><block type=\"call_procedure\"><field name=\"procedure\">GetCombatBook</field></block></statement></block></next></block></next></block></next></block></next></block></next></block></next></block></next></block></next></block></next></block></next></block></next></block></next></block></next></block></xml>"
  }
}