{
  "_fv": 62,
  "_type": "gui",
  "definition": {
    "type": 0,
    "width": 292,
    "height": 180,
    "inventoryOffsetX": 0,
    "inventoryOffsetY": 0,
    "renderBgLayer": false,
    "doesPauseGame": false,
    "components": [
      {
        "type": "image",
        "data": {
          "image": "tutorial_book.png",
          "use1Xscale": false,
          "x": 67,
          "y": 30
        }
      },
      {
        "type": "imagebutton",
        "data": {
          "name": "imagebutton_back_arrow",
          "image": "back_arrow.png",
          "hoveredImage": "back_arrow_activated.png",
          "onClick": {
            "name": "OpenBossBookGui5"
          },
          "x": 67,
          "y": 210
        }
      },
      {
        "type": "imagebutton",
        "data": {
          "name": "imagebutton_next_arrow",
          "image": "next_arrow.png",
          "hoveredImage": "next_arrow_activate.png",
          "onClick": {
            "name": "OpenBossBookGui7"
          },
          "x": 341,
          "y": 210
        }
      },
      {
        "type": "imagebutton",
        "data": {
          "name": "imagebutton_home_button",
          "image": "home_button.png",
          "hoveredImage": "home_button_activated.png",
          "onClick": {
            "name": "OpenBossBookGui1"
          },
          "x": 205,
          "y": 210
        }
      },
      {
        "type": "label",
        "data": {
          "name": "label_easynormaldifficult",
          "text": {
            "fixedValue": "(easy/normal/difficult)"
          },
          "color": {
            "value": -12829636,
            "falpha": 0.0
          },
          "x": 80,
          "y": 45
        }
      },
      {
        "type": "label",
        "data": {
          "name": "label_below_50_health8050",
          "text": {
            "fixedValue": "below 50 health:80/50"
          },
          "color": {
            "value": -12829636,
            "falpha": 0.0
          },
          "x": 82,
          "y": 57
        }
      },
      {
        "type": "label",
        "data": {
          "name": "label_normaldifficult",
          "text": {
            "fixedValue": "(normal/difficult)"
          },
          "color": {
            "value": -12829636,
            "falpha": 0.0
          },
          "x": 83,
          "y": 69
        }
      },
      {
        "type": "label",
        "data": {
          "name": "label_spawn_two_arcane_wyrms",
          "text": {
            "fixedValue": "Spawn two Arcane Wyrms"
          },
          "color": {
            "value": -12829636,
            "falpha": 0.0
          },
          "x": 83,
          "y": 81
        }
      },
      {
        "type": "label",
        "data": {
          "name": "label_longrange_attack_type",
          "text": {
            "fixedValue": "long-range attack type"
          },
          "color": {
            "value": -12829636,
            "falpha": 0.0
          },
          "x": 83,
          "y": 93
        }
      },
      {
        "type": "label",
        "data": {
          "name": "label_monsters",
          "text": {
            "fixedValue": "monsters"
          },
          "color": {
            "value": -12829636,
            "falpha": 0.0
          },
          "x": 83,
          "y": 105
        }
      },
      {
        "type": "label",
        "data": {
          "name": "label_drop_repair_altar",
          "text": {
            "fixedValue": "drop Repair Altar"
          },
          "color": {
            "value": -12829636,
            "falpha": 0.0
          },
          "x": 83,
          "y": 117
        }
      },
      {
        "type": "label",
        "data": {
          "name": "label_plunder_drop",
          "text": {
            "fixedValue": "plunder drop:"
          },
          "color": {
            "value": -12829636,
            "falpha": 0.0
          },
          "x": 83,
          "y": 129
        }
      },
      {
        "type": "label",
        "data": {
          "name": "label_purple_arcane_cloth4",
          "text": {
            "fixedValue": "Purple Arcane Cloth*4"
          },
          "color": {
            "value": -12829636,
            "falpha": 0.0
          },
          "x": 83,
          "y": 142
        }
      },
      {
        "type": "label",
        "data": {
          "name": "label_green_arcane_cloth4",
          "text": {
            "fixedValue": "Green Arcane Cloth*4"
          },
          "color": {
            "value": -12829636,
            "falpha": 0.0
          },
          "x": 83,
          "y": 154
        }
      },
      {
        "type": "label",
        "data": {
          "name": "label_blastcloned_magic_arts",
          "text": {
            "fixedValue": "Blastcloned Magic Arts"
          },
          "color": {
            "value": -12829636,
            "falpha": 0.0
          },
          "x": 84,
          "y": 166
        }
      },
      {
        "type": "label",
        "data": {
          "name": "label_arcane_wyrm_magic_arts",
          "text": {
            "fixedValue": "Arcane Wyrm Magic Arts"
          },
          "color": {
            "value": -12829636,
            "falpha": 0.0
          },
          "x": 84,
          "y": 178
        }
      },
      {
        "type": "label",
        "data": {
          "name": "label_blast_fire_meteor_magic",
          "text": {
            "fixedValue": "Blast Fire Meteor Magic"
          },
          "color": {
            "value": -12829636,
            "falpha": 0.0
          },
          "x": 226,
          "y": 45
        }
      },
      {
        "type": "label",
        "data": {
          "name": "label_arts",
          "text": {
            "fixedValue": "Arts"
          },
          "color": {
            "value": -12829636,
            "falpha": 0.0
          },
          "x": 227,
          "y": 57
        }
      }
    ],
    "gridSettings": {
      "sx": 18,
      "sy": 18,
      "ox": 11,
      "oy": 15,
      "snapOnGrid": false
    }
  }
}