{
  "_fv": 62,
  "_type": "gui",
  "definition": {
    "type": 0,
    "width": 292,
    "height": 180,
    "inventoryOffsetX": 0,
    "inventoryOffsetY": 0,
    "renderBgLayer": false,
    "doesPauseGame": false,
    "components": [
      {
        "type": "image",
        "data": {
          "image": "tutorial_book.png",
          "use1Xscale": false,
          "x": 67,
          "y": 30
        }
      },
      {
        "type": "imagebutton",
        "data": {
          "name": "imagebutton_next_arrow",
          "image": "next_arrow.png",
          "hoveredImage": "next_arrow_activate.png",
          "onClick": {
            "name": "OpenBossBookGui2"
          },
          "x": 341,
          "y": 210
        }
      },
      {
        "type": "label",
        "data": {
          "name": "label_p1_1living_doll",
          "text": {
            "fixedValue": "p1 1.Living Doll"
          },
          "color": {
            "value": -12829636,
            "falpha": 0.0
          },
          "x": 81,
          "y": 45
        }
      },
      {
        "type": "imagebutton",
        "data": {
          "name": "imagebutton_underline_blank",
          "image": "underline_blank.png",
          "hoveredImage": "underline.png",
          "onClick": {
            "name": "OpenBossBookGui2"
          },
          "x": 80,
          "y": 45
        }
      },
      {
        "type": "label",
        "data": {
          "name": "label_p6_2ofanim",
          "text": {
            "fixedValue": "p6 2.Ofanim"
          },
          "color": {
            "value": -12829636,
            "falpha": 0.0
          },
          "x": 81,
          "y": 57
        }
      },
      {
        "type": "imagebutton",
        "data": {
          "name": "imagebutton_underline_blank1",
          "image": "underline_blank.png",
          "hoveredImage": "underline.png",
          "onClick": {
            "name": "OpenBossBookGui7"
          },
          "x": 79,
          "y": 57
        }
      }
    ],
    "gridSettings": {
      "sx": 18,
      "sy": 18,
      "ox": 11,
      "oy": 15,
      "snapOnGrid": false
    }
  }
}