{
  "_fv": 62,
  "_type": "recipe",
  "definition": {
    "recipeType": "Crafting",
    "recipeRetstackSize": 1,
    "group": "",
    "cookingBookCategory": "MISC",
    "xpReward": 0.0,
    "cookingTime": 200,
    "craftingBookCategory": "EQUIPMENT",
    "recipeShapeless": true,
    "recipeSlots": [
      {
        "value": "CUSTOM:BronzePickaxe"
      },
      {
        "value": "CUSTOM:BronzeAxe"
      },
      {
        "value": "CUSTOM:BronzeShovel"
      },
      {
        "value": "CUSTOM:BronzeHoe"
      },
      {
        "value": ""
      },
      {
        "value": ""
      },
      {
        "value": ""
      },
      {
        "value": ""
      },
      {
        "value": ""
      }
    ],
    "recipeReturnStack": {
      "value": "CUSTOM:BronzeMulti"
    },
    "name": "bronze_multi_recipe",
    "namespace": "mod"
  }
}