{
  "_fv": 62,
  "_type": "tool",
  "definition": {
    "toolType": "Sword",
    "renderType": 0,
    "blockingRenderType": 0,
    "texture": "constantan_katana",
    "customModelName": "Normal",
    "blockingModelName": "Normal blocking",
    "name": "Bronze Katana",
    "specialInformation": {
      "fixedValue": []
    },
    "creativeTab": {
      "value": "CUSTOM:Dongdongsword"
    },
    "harvestLevel": 2,
    "efficiency": 6.0,
    "attackSpeed": 2.0,
    "enchantability": 14,
    "damageVsEntity": 5.8,
    "usageCount": 250,
    "blocksAffected": [],
    "glowCondition": {
      "fixedValue": false
    },
    "repairItems": [
      {
        "value": "CUSTOM:BronzeKatana"
      }
    ],
    "immuneToFire": false,
    "stayInGridWhenCrafting": false,
    "damageOnCrafting": false,
    "onEntityHitWith": {
      "name": "BronzeAxeDangShiTiBeiGongJuJiZhongShi"
    },
    "onEntitySwing": {
      "name": "TungstenSteelKatanaDangShiTiHuiDongWuPinShi"
    }
  }
}