{
  "_fv": 62,
  "_type": "armor",
  "definition": {
    "enableHelmet": true,
    "textureHelmet": "bronze_head",
    "enableBody": true,
    "textureBody": "bronze_body",
    "enableLeggings": true,
    "textureLeggings": "bronze_leggings",
    "enableBoots": true,
    "textureBoots": "bronze_boots",
    "onHelmetTick": {
      "name": "BronzeArmorTouKuiShiJianMeiYouXiKe"
    },
    "onBodyTick": {
      "name": "BronzeArmorTouKuiShiJianMeiYouXiKe"
    },
    "onLeggingsTick": {
      "name": "BronzeArmorTouKuiShiJianMeiYouXiKe"
    },
    "onBootsTick": {
      "name": "BronzeArmorTouKuiShiJianMeiYouXiKe"
    },
    "creativeTab": {
      "value": "CUSTOM:Dongdongkuijiade"
    },
    "armorTextureFile": "bronze_",
    "helmetName": "Bronze Helmet",
    "bodyName": "Bronze Chestplate",
    "leggingsName": "Bronze Leggings",
    "bootsName": "Bronze Boots",
    "helmetSpecialInformation": {
      "fixedValue": []
    },
    "bodySpecialInformation": {
      "fixedValue": []
    },
    "leggingsSpecialInformation": {
      "fixedValue": []
    },
    "bootsSpecialInformation": {
      "fixedValue": []
    },
    "helmetModelName": "Default",
    "helmetModelPart": "Helmet",
    "helmetModelTexture": "From armor",
    "bodyModelName": "Default",
    "bodyModelPart": "Body",
    "armsModelPartL": "Arms L",
    "armsModelPartR": "Arms R",
    "bodyModelTexture": "From armor",
    "leggingsModelName": "Default",
    "leggingsModelPartL": "Leggings L",
    "leggingsModelPartR": "Leggings R",
    "leggingsModelTexture": "From armor",
    "bootsModelName": "Default",
    "bootsModelPartL": "Boots L",
    "bootsModelPartR": "Boots R",
    "bootsModelTexture": "From armor",
    "helmetItemRenderType": 0,
    "helmetItemCustomModelName": "Normal",
    "bodyItemRenderType": 0,
    "bodyItemCustomModelName": "Normal",
    "leggingsItemRenderType": 0,
    "leggingsItemCustomModelName": "Normal",
    "bootsItemRenderType": 0,
    "bootsItemCustomModelName": "Normal",
    "helmetImmuneToFire": false,
    "bodyImmuneToFire": false,
    "leggingsImmuneToFire": false,
    "bootsImmuneToFire": false,
    "maxDamage": 15,
    "damageValueHelmet": 3,
    "damageValueBody": 6,
    "damageValueLeggings": 4,
    "damageValueBoots": 2,
    "enchantability": 10,
    "toughness": 0.5,
    "knockbackResistance": 0.0,
    "equipSound": {
      "value": "item.armor.equip_iron"
    },
    "repairItems": [
      {
        "value": "CUSTOM:BronzeIngot"
      }
    ]
  }
}