{
  "_fv": 62,
  "_type": "tool",
  "definition": {
    "toolType": "Sword",
    "renderType": 0,
    "blockingRenderType": 0,
    "texture": "bronze_claw",
    "customModelName": "Normal",
    "blockingModelName": "Normal blocking",
    "name": "Bronze Claw",
    "specialInformation": {
      "fixedValue": []
    },
    "creativeTab": {
      "value": "CUSTOM:Dongdongsword"
    },
    "harvestLevel": 2,
    "efficiency": 6.0,
    "attackSpeed": 100.0,
    "enchantability": 14,
    "damageVsEntity": 4.8,
    "usageCount": 375,
    "blocksAffected": [],
    "glowCondition": {
      "fixedValue": false
    },
    "repairItems": [
      {
        "value": "CUSTOM:BronzeIngot"
      }
    ],
    "immuneToFire": false,
    "stayInGridWhenCrafting": false,
    "damageOnCrafting": false,
    "onEntityHitWith": {
      "name": "BronzeClawShiTiBeiGongJuJiZhongShi"
    }
  }
}