{
  "_fv": 62,
  "_type": "achievement",
  "definition": {
    "achievementName": "Time to Strike!",
    "achievementDescription": "Use planks and sticks to make a sword",
    "achievementIcon": {
      "value": "Items.WOODEN_SWORD"
    },
    "background": "Default",
    "disableDisplay": false,
    "showPopup": true,
    "announceToChat": true,
    "hideIfNotCompleted": false,
    "rewardLoot": [],
    "rewardRecipes": [],
    "rewardFunction": "No function",
    "rewardXP": 1,
    "achievementType": "task",
    "parent": {
      "value": "CUSTOM:Zheshigongzuotai"
    },
    "triggerxml": "<?xml version=\"1.0\" encoding=\"UTF-8\" standalone=\"no\"?><xml xmlns=\"https://developers.google.com/blockly/xml\"><block deletable=\"false\" type=\"advancement_trigger\" x=\"40\" y=\"80\"><next><block type=\"custom_trigger\" x=\"44\" y=\"56\"/></next></block></xml>"
  }
}