{
  "_fv": 62,
  "_type": "tool",
  "definition": {
    "toolType": "Shears",
    "renderType": 0,
    "blockingRenderType": 0,
    "texture": "cobalt_shears",
    "customModelName": "Normal",
    "blockingModelName": "Normal blocking",
    "name": "Cobalt Shears",
    "specialInformation": {
      "fixedValue": []
    },
    "creativeTab": {
      "value": "CUSTOM:Dongdongtool"
    },
    "harvestLevel": 1,
    "efficiency": 9.0,
    "attackSpeed": 1.0,
    "enchantability": 28,
    "damageVsEntity": 4.0,
    "usageCount": 660,
    "blocksAffected": [],
    "repairItems": [],
    "immuneToFire": false,
    "stayInGridWhenCrafting": true,
    "damageOnCrafting": true,
    "onBlockDestroyedWithTool": {
      "name": "CobaltAxeDangFangKuaiBeiGongJuPoPi"
    }
  }
}