{
  "_fv": 62,
  "_type": "tool",
  "definition": {
    "toolType": "Pickaxe",
    "renderType": 0,
    "blockingRenderType": 0,
    "texture": "cobalt_hammer",
    "customModelName": "Normal",
    "blockingModelName": "Normal blocking",
    "name": "Cobalt Hammer",
    "specialInformation": {
      "fixedValue": []
    },
    "creativeTab": {
      "value": "CUSTOM:Dongdongtool"
    },
    "harvestLevel": 2,
    "efficiency": 9.0,
    "attackSpeed": 0.5,
    "enchantability": 14,
    "damageVsEntity": 6.0,
    "usageCount": 660,
    "blocksAffected": [],
    "repairItems": [
      {
        "value": "CUSTOM:Guding"
      }
    ],
    "immuneToFire": false,
    "stayInGridWhenCrafting": true,
    "damageOnCrafting": true,
    "onBlockDestroyedWithTool": {
      "name": "CobalthammerDangFangKuaiBeiGongJuPoPi"
    }
  }
}