{
  "_fv": 62,
  "_type": "gui",
  "definition": {
    "type": 0,
    "width": 292,
    "height": 180,
    "inventoryOffsetX": 0,
    "inventoryOffsetY": 0,
    "renderBgLayer": false,
    "doesPauseGame": false,
    "components": [
      {
        "type": "image",
        "data": {
          "image": "tutorial_book.png",
          "use1Xscale": false,
          "x": 67,
          "y": 30
        }
      },
      {
        "type": "imagebutton",
        "data": {
          "name": "imagebutton_back_arrow",
          "image": "back_arrow.png",
          "hoveredImage": "back_arrow_activated.png",
          "onClick": {
            "name": "OpenCombatBookGui2"
          },
          "x": 67,
          "y": 210
        }
      },
      {
        "type": "imagebutton",
        "data": {
          "name": "imagebutton_next_arrow",
          "image": "next_arrow.png",
          "hoveredImage": "next_arrow_activate.png",
          "onClick": {
            "name": "OpenCombatBookGui4"
          },
          "x": 341,
          "y": 210
        }
      },
      {
        "type": "imagebutton",
        "data": {
          "name": "imagebutton_home_button",
          "image": "home_button.png",
          "hoveredImage": "home_button_activated.png",
          "onClick": {
            "name": "OpenCombatBookGuiCatalog1"
          },
          "x": 205,
          "y": 210
        }
      },
      {
        "type": "label",
        "data": {
          "name": "label_5_having_the_effect",
          "text": {
            "fixedValue": "5. Having the effect"
          },
          "color": {
            "value": -12829636,
            "falpha": 0.0
          },
          "x": 81,
          "y": 45
        }
      },
      {
        "type": "label",
        "data": {
          "name": "label_of_totem_of_undying",
          "text": {
            "fixedValue": "of Totem of Undying"
          },
          "color": {
            "value": -12829636,
            "falpha": 0.0
          },
          "x": 81,
          "y": 57
        }
      },
      {
        "type": "label",
        "data": {
          "name": "label_shield_changes_to_burst",
          "text": {
            "fixedValue": "Shield changes to burst"
          },
          "color": {
            "value": -12829636,
            "falpha": 0.0
          },
          "x": 81,
          "y": 69
        }
      },
      {
        "type": "label",
        "data": {
          "name": "label_mode_with_thorn_damage",
          "text": {
            "fixedValue": "mode with thorn damage"
          },
          "color": {
            "value": -12829636,
            "falpha": 0.0
          },
          "x": 81,
          "y": 81
        }
      },
      {
        "type": "label",
        "data": {
          "name": "label_when_triggered",
          "text": {
            "fixedValue": "when triggered"
          },
          "color": {
            "value": -12829636,
            "falpha": 0.0
          },
          "x": 84,
          "y": 93
        }
      },
      {
        "type": "label",
        "data": {
          "name": "label_recipe",
          "text": {
            "fixedValue": "recipe:"
          },
          "color": {
            "value": -12829636,
            "falpha": 0.0
          },
          "x": 81,
          "y": 105
        }
      },
      {
        "type": "label",
        "data": {
          "name": "label_g_t_g",
          "text": {
            "fixedValue": "G T G"
          },
          "color": {
            "value": -12829636,
            "falpha": 0.0
          },
          "x": 119,
          "y": 105
        }
      },
      {
        "type": "label",
        "data": {
          "name": "label_g_t_g1",
          "text": {
            "fixedValue": "G T G"
          },
          "color": {
            "value": -12829636,
            "falpha": 0.0
          },
          "x": 119,
          "y": 129
        }
      },
      {
        "type": "label",
        "data": {
          "name": "label_g_s_g",
          "text": {
            "fixedValue": "G S G"
          },
          "color": {
            "value": -12829636,
            "falpha": 0.0
          },
          "x": 119,
          "y": 117
        }
      },
      {
        "type": "label",
        "data": {
          "name": "label_ggold_ingot",
          "text": {
            "fixedValue": "G=Gold Ingot"
          },
          "color": {
            "value": -12829636,
            "falpha": 0.0
          },
          "x": 82,
          "y": 142
        }
      },
      {
        "type": "label",
        "data": {
          "name": "label_ttotem_of_undying",
          "text": {
            "fixedValue": "T=Totem of Undying"
          },
          "color": {
            "value": -12829636,
            "falpha": 0.0
          },
          "x": 82,
          "y": 154
        }
      },
      {
        "type": "label",
        "data": {
          "name": "label_sshield",
          "text": {
            "fixedValue": "S=Shield"
          },
          "color": {
            "value": -12829636,
            "falpha": 0.0
          },
          "x": 83,
          "y": 166
        }
      },
      {
        "type": "label",
        "data": {
          "name": "label_6press_r_to_reload_fuel",
          "text": {
            "fixedValue": "6.Press r to reload fuel"
          },
          "color": {
            "value": -12829636,
            "falpha": 0.0
          },
          "x": 226,
          "y": 45
        }
      },
      {
        "type": "label",
        "data": {
          "name": "label_recipe1",
          "text": {
            "fixedValue": "recipe:"
          },
          "color": {
            "value": -12829636,
            "falpha": 0.0
          },
          "x": 226,
          "y": 57
        }
      },
      {
        "type": "label",
        "data": {
          "name": "label_on_smithing_table",
          "text": {
            "fixedValue": "on Smithing Table"
          },
          "color": {
            "value": -12829636,
            "falpha": 0.0
          },
          "x": 262,
          "y": 57
        }
      },
      {
        "type": "label",
        "data": {
          "name": "label_red_stained_glass",
          "text": {
            "fixedValue": "Red Stained Glass"
          },
          "color": {
            "value": -12829636,
            "falpha": 0.0
          },
          "x": 226,
          "y": 69
        }
      },
      {
        "type": "label",
        "data": {
          "name": "label_blaze_powder",
          "text": {
            "fixedValue": "+Blaze Powder"
          },
          "color": {
            "value": -12829636,
            "falpha": 0.0
          },
          "x": 226,
          "y": 81
        }
      },
      {
        "type": "label",
        "data": {
          "name": "label_igniting_enemies_when",
          "text": {
            "fixedValue": "Igniting enemies when"
          },
          "color": {
            "value": -12829636,
            "falpha": 0.0
          },
          "x": 227,
          "y": 93
        }
      },
      {
        "type": "label",
        "data": {
          "name": "label_attacking_them",
          "text": {
            "fixedValue": "attacking them"
          },
          "color": {
            "value": -12829636,
            "falpha": 0.0
          },
          "x": 227,
          "y": 105
        }
      },
      {
        "type": "label",
        "data": {
          "name": "label_consumes_1_fuel",
          "text": {
            "fixedValue": "consumes 1 fuel"
          },
          "color": {
            "value": -12829636,
            "falpha": 0.0
          },
          "x": 226,
          "y": 117
        }
      },
      {
        "type": "label",
        "data": {
          "name": "label_press_function_key_to",
          "text": {
            "fixedValue": "Press function key to"
          },
          "color": {
            "value": -12829636,
            "falpha": 0.0
          },
          "x": 226,
          "y": 129
        }
      },
      {
        "type": "label",
        "data": {
          "name": "label_switch_modes",
          "text": {
            "fixedValue": "switch modes"
          },
          "color": {
            "value": -12829636,
            "falpha": 0.0
          },
          "x": 226,
          "y": 142
        }
      },
      {
        "type": "label",
        "data": {
          "name": "label_right_click_in_burst_mode",
          "text": {
            "fixedValue": "Right click in Burst mode"
          },
          "color": {
            "value": -12829636,
            "falpha": 0.0
          },
          "x": 224,
          "y": 154
        }
      },
      {
        "type": "label",
        "data": {
          "name": "label_to_consume_fuel_to",
          "text": {
            "fixedValue": "to consume fuel to"
          },
          "color": {
            "value": -12829636,
            "falpha": 0.0
          },
          "x": 225,
          "y": 166
        }
      },
      {
        "type": "label",
        "data": {
          "name": "label_launch_fire_to_ignite",
          "text": {
            "fixedValue": "launch fire to ignite"
          },
          "color": {
            "value": -12829636,
            "falpha": 0.0
          },
          "x": 226,
          "y": 178
        }
      },
      {
        "type": "label",
        "data": {
          "name": "label_enemies",
          "text": {
            "fixedValue": "enemies"
          },
          "color": {
            "value": -12829636,
            "falpha": 0.0
          },
          "x": 228,
          "y": 190
        }
      }
    ],
    "gridSettings": {
      "sx": 18,
      "sy": 18,
      "ox": 11,
      "oy": 15,
      "snapOnGrid": false
    }
  }
}