{
  "_fv": 62,
  "_type": "gui",
  "definition": {
    "type": 0,
    "width": 292,
    "height": 180,
    "inventoryOffsetX": 0,
    "inventoryOffsetY": 0,
    "renderBgLayer": false,
    "doesPauseGame": false,
    "components": [
      {
        "type": "image",
        "data": {
          "image": "tutorial_book.png",
          "use1Xscale": false,
          "x": 67,
          "y": 30
        }
      },
      {
        "type": "imagebutton",
        "data": {
          "name": "imagebutton_next_arrow",
          "image": "next_arrow.png",
          "hoveredImage": "next_arrow_activate.png",
          "onClick": {
            "name": "OpenCombatBookGui1"
          },
          "x": 341,
          "y": 210
        }
      },
      {
        "type": "label",
        "data": {
          "name": "label_p1_1craft_sword",
          "text": {
            "fixedValue": "p1 1.Craft Sword"
          },
          "color": {
            "value": -12829636,
            "falpha": 0.0
          },
          "x": 81,
          "y": 45
        }
      },
      {
        "type": "imagebutton",
        "data": {
          "name": "imagebutton_underline_blank",
          "image": "underline_blank.png",
          "hoveredImage": "underline.png",
          "onClick": {
            "name": "OpenCombatBookGui1"
          },
          "x": 80,
          "y": 45
        }
      },
      {
        "type": "label",
        "data": {
          "name": "label_p1_2enchanted_sword",
          "text": {
            "fixedValue": "p1 2.Enchanted Sword"
          },
          "color": {
            "value": -12829636,
            "falpha": 0.0
          },
          "x": 81,
          "y": 56
        }
      },
      {
        "type": "imagebutton",
        "data": {
          "name": "imagebutton_underline_blank1",
          "image": "underline_blank.png",
          "hoveredImage": "underline.png",
          "onClick": {
            "name": "OpenCombatBookGui1"
          },
          "x": 79,
          "y": 56
        }
      },
      {
        "type": "label",
        "data": {
          "name": "label_p2_3tungstensteel",
          "text": {
            "fixedValue": "p2 3.Tungstensteel"
          },
          "color": {
            "value": -12829636,
            "falpha": 0.0
          },
          "x": 81,
          "y": 69
        }
      },
      {
        "type": "label",
        "data": {
          "name": "label_great_sword",
          "text": {
            "fixedValue": "Great Sword"
          },
          "color": {
            "value": -12829636,
            "falpha": 0.0
          },
          "x": 81,
          "y": 81
        }
      },
      {
        "type": "imagebutton",
        "data": {
          "name": "imagebutton_underline_blank2",
          "image": "underline_blank.png",
          "hoveredImage": "underline.png",
          "onClick": {
            "name": "OpenCombatBookGui2"
          },
          "x": 80,
          "y": 69
        }
      },
      {
        "type": "imagebutton",
        "data": {
          "name": "imagebutton_underline_blank3",
          "image": "underline_blank.png",
          "hoveredImage": "underline.png",
          "onClick": {
            "name": "OpenCombatBookGui2"
          },
          "x": 80,
          "y": 81
        }
      },
      {
        "type": "label",
        "data": {
          "name": "label_p2_4light_chasing",
          "text": {
            "fixedValue": "p2 4.Light Chasing"
          },
          "color": {
            "value": -12829636,
            "falpha": 0.0
          },
          "x": 81,
          "y": 93
        }
      },
      {
        "type": "label",
        "data": {
          "name": "label_crossbow",
          "text": {
            "fixedValue": "Crossbow"
          },
          "color": {
            "value": -12829636,
            "falpha": 0.0
          },
          "x": 81,
          "y": 105
        }
      },
      {
        "type": "imagebutton",
        "data": {
          "name": "imagebutton_underline_blank4",
          "image": "underline_blank.png",
          "hoveredImage": "underline.png",
          "onClick": {
            "name": "OpenCombatBookGui2"
          },
          "x": 80,
          "y": 93
        }
      },
      {
        "type": "imagebutton",
        "data": {
          "name": "imagebutton_underline_blank5",
          "image": "underline_blank.png",
          "hoveredImage": "underline.png",
          "onClick": {
            "name": "OpenCombatBookGui2"
          },
          "x": 80,
          "y": 105
        }
      },
      {
        "type": "label",
        "data": {
          "name": "label_p3_5golden_shield",
          "text": {
            "fixedValue": "p3 5.Golden Shield"
          },
          "color": {
            "value": -12829636,
            "falpha": 0.0
          },
          "x": 81,
          "y": 117
        }
      },
      {
        "type": "imagebutton",
        "data": {
          "name": "imagebutton_underline_blank6",
          "image": "underline_blank.png",
          "hoveredImage": "underline.png",
          "onClick": {
            "name": "OpenCombatBookGui3"
          },
          "x": 81,
          "y": 117
        }
      },
      {
        "type": "label",
        "data": {
          "name": "label_p3_6incandescent",
          "text": {
            "fixedValue": "p3 6.Incandescent"
          },
          "color": {
            "value": -12829636,
            "falpha": 0.0
          },
          "x": 81,
          "y": 129
        }
      },
      {
        "type": "label",
        "data": {
          "name": "label_blast_axe_halberd",
          "text": {
            "fixedValue": "Blast Axe Halberd"
          },
          "color": {
            "value": -12829636,
            "falpha": 0.0
          },
          "x": 82,
          "y": 142
        }
      },
      {
        "type": "imagebutton",
        "data": {
          "name": "imagebutton_underline_blank7",
          "image": "underline_blank.png",
          "hoveredImage": "underline.png",
          "onClick": {
            "name": "OpenCombatBookGui3"
          },
          "x": 80,
          "y": 129
        }
      },
      {
        "type": "imagebutton",
        "data": {
          "name": "imagebutton_underline_blank8",
          "image": "underline_blank.png",
          "hoveredImage": "underline.png",
          "onClick": {
            "name": "OpenCombatBookGui3"
          },
          "x": 80,
          "y": 142
        }
      }
    ],
    "gridSettings": {
      "sx": 18,
      "sy": 18,
      "ox": 11,
      "oy": 15,
      "snapOnGrid": false
    }
  }
}