{
  "_fv": 62,
  "_type": "gui",
  "definition": {
    "type": 0,
    "width": 292,
    "height": 180,
    "inventoryOffsetX": 0,
    "inventoryOffsetY": 0,
    "renderBgLayer": false,
    "doesPauseGame": false,
    "components": [
      {
        "type": "image",
        "data": {
          "image": "tutorial_book.png",
          "use1Xscale": false,
          "x": 67,
          "y": 30
        }
      },
      {
        "type": "imagebutton",
        "data": {
          "name": "imagebutton_back_arrow",
          "image": "back_arrow.png",
          "hoveredImage": "back_arrow_activated.png",
          "onClick": {
            "name": "OpenCommandBookGui1"
          },
          "x": 67,
          "y": 210
        }
      },
      {
        "type": "imagebutton",
        "data": {
          "name": "imagebutton_home_button",
          "image": "home_button.png",
          "hoveredImage": "home_button_activated.png",
          "onClick": {
            "name": "OpenCommandBookGui1"
          },
          "x": 205,
          "y": 211
        }
      },
      {
        "type": "label",
        "data": {
          "name": "label_1_hat_command_puts_the_item_in",
          "text": {
            "fixedValue": "1. /hat command puts "
          },
          "color": {
            "value": -12829636,
            "falpha": 0.0
          },
          "x": 82,
          "y": 44
        }
      },
      {
        "type": "label",
        "data": {
          "name": "label_the_item_in_your_hand_on_your_he",
          "text": {
            "fixedValue": "the item in your hand "
          },
          "color": {
            "value": -12829636,
            "falpha": 0.0
          },
          "x": 82,
          "y": 57
        }
      },
      {
        "type": "label",
        "data": {
          "name": "label_on_your_head",
          "text": {
            "fixedValue": "on your head"
          },
          "color": {
            "value": -12829636,
            "falpha": 0.0
          },
          "x": 83,
          "y": 69
        }
      },
      {
        "type": "label",
        "data": {
          "name": "label_2_the_dimensiontp_command",
          "text": {
            "fixedValue": "2. The /dimensiontp"
          },
          "color": {
            "value": -12829636,
            "falpha": 0.0
          },
          "x": 83,
          "y": 81
        }
      },
      {
        "type": "label",
        "data": {
          "name": "label_mmand_can_teleport",
          "text": {
            "fixedValue": "command can teleport"
          },
          "color": {
            "value": -12829636,
            "falpha": 0.0
          },
          "x": 83,
          "y": 93
        }
      },
      {
        "type": "label",
        "data": {
          "name": "label_to_other_dimensions",
          "text": {
            "fixedValue": "you to other dimensions"
          },
          "color": {
            "value": -12829636,
            "falpha": 0.0
          },
          "x": 82,
          "y": 105
        }
      },
      {
        "type": "label",
        "data": {
          "name": "label_3bookget_command",
          "text": {
            "fixedValue": "3./bookget command "
          },
          "color": {
            "value": -12829636,
            "falpha": 0.0
          },
          "x": 83,
          "y": 117
        }
      },
      {
        "type": "label",
        "data": {
          "name": "label_can_get_the_tutorial_book",
          "text": {
            "fixedValue": "can get the tutorial"
          },
          "color": {
            "value": -12829636,
            "falpha": 0.0
          },
          "x": 82,
          "y": 129
        }
      },
      {
        "type": "label",
        "data": {
          "name": "label_book",
          "text": {
            "fixedValue": "book"
          },
          "color": {
            "value": -12829636,
            "falpha": 0.0
          },
          "x": 83,
          "y": 142
        }
      }
    ],
    "gridSettings": {
      "sx": 18,
      "sy": 18,
      "ox": 11,
      "oy": 15,
      "snapOnGrid": false
    }
  }
}