{
  "_fv": 62,
  "_type": "tool",
  "definition": {
    "toolType": "MultiTool",
    "renderType": 0,
    "blockingRenderType": 0,
    "texture": "constantan_multi",
    "customModelName": "Normal",
    "blockingModelName": "Normal blocking",
    "name": "Constantan Multi",
    "specialInformation": {
      "fixedValue": []
    },
    "creativeTab": {
      "value": "CUSTOM:Dongdongtool"
    },
    "harvestLevel": 2,
    "efficiency": 6.0,
    "attackSpeed": 0.7,
    "enchantability": 14,
    "damageVsEntity": 9.6,
    "usageCount": 250,
    "blocksAffected": [],
    "repairItems": [
      {
        "value": "CUSTOM:ConstantanIngot"
      }
    ],
    "immuneToFire": false,
    "stayInGridWhenCrafting": false,
    "damageOnCrafting": false,
    "onEntityHitWith": {
      "name": "ConstantanHoeDangShiTiBeiGongJuJiZhongShi"
    }
  }
}