{
  "_fv": 62,
  "_type": "recipe",
  "definition": {
    "recipeType": "Crafting",
    "recipeRetstackSize": 1,
    "group": "",
    "cookingBookCategory": "MISC",
    "xpReward": 0.0,
    "cookingTime": 200,
    "craftingBookCategory": "EQUIPMENT",
    "recipeShapeless": false,
    "recipeSlots": [
      {
        "value": "CUSTOM:ConstantanIngot"
      },
      {
        "value": "CUSTOM:ConstantanIngot"
      },
      {
        "value": ""
      },
      {
        "value": "CUSTOM:ConstantanIngot"
      },
      {
        "value": "TAG:forge:rods/wooden"
      },
      {
        "value": ""
      },
      {
        "value": ""
      },
      {
        "value": "TAG:forge:rods/wooden"
      },
      {
        "value": ""
      }
    ],
    "recipeReturnStack": {
      "value": "CUSTOM:ConstantanAxe"
    },
    "name": "constantan_axe_recipe",
    "namespace": "mod"
  }
}