{
  "_fv": 62,
  "_type": "recipe",
  "definition": {
    "recipeType": "Crafting",
    "recipeRetstackSize": 16,
    "group": "",
    "cookingBookCategory": "MISC",
    "xpReward": 0.0,
    "cookingTime": 200,
    "craftingBookCategory": "MISC",
    "recipeShapeless": false,
    "recipeSlots": [
      {
        "value": "Blocks.COBBLESTONE"
      },
      {
        "value": "Blocks.COBBLESTONE"
      },
      {
        "value": "Blocks.COBBLESTONE"
      },
      {
        "value": "Blocks.COBBLESTONE"
      },
      {
        "value": "Items.STONE_PICKAXE"
      },
      {
        "value": "Blocks.COBBLESTONE"
      },
      {
        "value": "Blocks.COBBLESTONE"
      },
      {
        "value": "Blocks.COBBLESTONE"
      },
      {
        "value": "Blocks.COBBLESTONE"
      }
    ],
    "recipeReturnStack": {
      "value": "CUSTOM:CoordinatesSLATE"
    },
    "name": "coordinates_slate_recipe",
    "namespace": "mod"
  }
}