{
  "_fv": 62,
  "_type": "recipe",
  "definition": {
    "recipeType": "Crafting",
    "recipeRetstackSize": 2,
    "group": "",
    "cookingBookCategory": "MISC",
    "xpReward": 0.0,
    "cookingTime": 200,
    "craftingBookCategory": "BUILDING",
    "recipeShapeless": true,
    "recipeSlots": [
      {
        "value": "CUSTOM:CopperEnergyPipe"
      },
      {
        "value": "CUSTOM:CopperEnergyPipe"
      },
      {
        "value": ""
      },
      {
        "value": ""
      },
      {
        "value": ""
      },
      {
        "value": ""
      },
      {
        "value": ""
      },
      {
        "value": ""
      },
      {
        "value": ""
      }
    ],
    "recipeReturnStack": {
      "value": "CUSTOM:CopperEnergyPipeTurning"
    },
    "name": "copper_energy_pipe_turning_recipe",
    "namespace": "mod"
  }
}