{
  "_fv": 62,
  "_type": "recipe",
  "definition": {
    "recipeType": "Crafting",
    "recipeRetstackSize": 1,
    "group": "",
    "cookingBookCategory": "MISC",
    "xpReward": 0.0,
    "cookingTime": 200,
    "craftingBookCategory": "MISC",
    "recipeShapeless": false,
    "recipeSlots": [
      {
        "value": "CUSTOM:Aluminiumnugget"
      },
      {
        "value": "CUSTOM:Aluminiumnugget"
      },
      {
        "value": "CUSTOM:Aluminiumnugget"
      },
      {
        "value": "CUSTOM:Aluminiumnugget"
      },
      {
        "value": "CUSTOM:Aluminiumnugget"
      },
      {
        "value": "CUSTOM:Aluminiumnugget"
      },
      {
        "value": "CUSTOM:Aluminiumnugget"
      },
      {
        "value": "CUSTOM:Aluminiumnugget"
      },
      {
        "value": "CUSTOM:Aluminiumnugget"
      }
    ],
    "recipeReturnStack": {
      "value": "CUSTOM:AluminiumIngot"
    },
    "name": "craftaluminiumnugget",
    "namespace": "mod"
  }
}