{
  "_fv": 62,
  "_type": "recipe",
  "definition": {
    "recipeType": "Crafting",
    "recipeRetstackSize": 1,
    "group": "",
    "cookingBookCategory": "MISC",
    "xpReward": 0.0,
    "cookingTime": 200,
    "craftingBookCategory": "EQUIPMENT",
    "recipeShapeless": false,
    "recipeSlots": [
      {
        "value": "Blocks.OBSIDIAN"
      },
      {
        "value": "Blocks.OBSIDIAN"
      },
      {
        "value": "Blocks.OBSIDIAN"
      },
      {
        "value": ""
      },
      {
        "value": "Items.GOLDEN_PICKAXE"
      },
      {
        "value": ""
      },
      {
        "value": ""
      },
      {
        "value": "Items.GOLD_INGOT"
      },
      {
        "value": ""
      }
    ],
    "recipeReturnStack": {
      "value": "CUSTOM:Craftpickaxe"
    },
    "name": "craftpickaxe_1",
    "namespace": "mod"
  }
}