{
  "_fv": 62,
  "_type": "item",
  "definition": {
    "renderType": 0,
    "texture": "null_item",
    "customModelName": "Ranged item",
    "customProperties": {},
    "states": [],
    "name": "Curse Bullet",
    "rarity": "COMMON",
    "creativeTab": {
      "value": "CUSTOM:Bianjiaoliao"
    },
    "stackSize": 1,
    "enchantability": 0,
    "useDuration": 72000,
    "toolType": 0.0,
    "damageCount": 100,
    "destroyAnyBlock": false,
    "immuneToFire": false,
    "stayInGridWhenCrafting": false,
    "damageOnCrafting": false,
    "enableMeleeDamage": false,
    "damageVsEntity": 0.0,
    "specialInformation": {
      "fixedValue": []
    },
    "glowCondition": {
      "fixedValue": false
    },
    "inventorySize": 9,
    "inventoryStackSize": 64,
    "enableRanged": true,
    "shootConstantly": false,
    "rangedItemChargesPower": false,
    "projectile": {
      "value": "CUSTOM:CurseBulletProjectile"
    },
    "isFood": false,
    "nutritionalValue": 0,
    "saturation": 0.30000001192092896,
    "isMeat": false,
    "isAlwaysEdible": false,
    "animation": "bow"
  }
}