{
  "_fv": 66,
  "_type": "achievement",
  "definition": {
    "achievementName": "Builder",
    "achievementDescription": "Wear a full set of builder armor",
    "achievementIcon": {
      "value": "CUSTOM:Jianzhuzhekuijia.body"
    },
    "background": "Default",
    "disableDisplay": false,
    "showPopup": true,
    "announceToChat": true,
    "hideIfNotCompleted": false,
    "rewardLoot": [],
    "rewardRecipes": [],
    "rewardFunction": "No function",
    "rewardXP": 1,
    "achievementType": "task",
    "parent": {
      "value": "CUSTOM:OrangeGems"
    },
    "triggerxml": "<?xml version=\"1.0\" encoding=\"UTF-8\" standalone=\"no\"?><xml xmlns=\"https://developers.google.com/blockly/xml\"><block type=\"custom_trigger\" x=\"230\" y=\"226\"/><block deletable=\"false\" type=\"advancement_trigger\" x=\"40\" y=\"80\"><next><block type=\"custom_trigger\" x=\"-39\" y=\"113\"/></next></block></xml>"
  }
}