{
  "_fv": 66,
  "_type": "item",
  "definition": {
    "renderType": 0,
    "texture": "clay_ball",
    "customModelName": "Ranged item",
    "customProperties": {},
    "states": [],
    "name": "Clay Ball",
    "rarity": "COMMON",
    "creativeTabs": [
      {
        "value": "CUSTOM:Dongdongsword"
      }
    ],
    "stackSize": 64,
    "enchantability": 0,
    "useDuration": 72000,
    "toolType": 0.0,
    "damageCount": 0,
    "destroyAnyBlock": false,
    "immuneToFire": false,
    "stayInGridWhenCrafting": false,
    "damageOnCrafting": false,
    "enableMeleeDamage": false,
    "damageVsEntity": 0.0,
    "specialInformation": {
      "fixedValue": []
    },
    "glowCondition": {
      "fixedValue": false
    },
    "inventorySize": 9,
    "inventoryStackSize": 64,
    "enableRanged": true,
    "shootConstantly": false,
    "rangedItemChargesPower": false,
    "projectile": {
      "value": "CUSTOM:ClayBallProjectile"
    },
    "isFood": false,
    "nutritionalValue": 0,
    "saturation": 0.30000001192092896,
    "isMeat": false,
    "isAlwaysEdible": false,
    "animation": "bow"
  }
}