{
  "_fv": 66,
  "_type": "armor",
  "definition": {
    "enableHelmet": true,
    "textureHelmet": "cobalt_head",
    "enableBody": true,
    "textureBody": "cobalt_body",
    "enableLeggings": true,
    "textureLeggings": "cobalt_leggings",
    "enableBoots": true,
    "textureBoots": "cobalt_boots",
    "creativeTabs": [
      {
        "value": "CUSTOM:Dongdongkuijiade"
      }
    ],
    "armorTextureFile": "cobalt",
    "helmetName": "Cobalt Helmet",
    "bodyName": "Cobalt Chestplate",
    "leggingsName": "Cobalt Leggings",
    "bootsName": "Cobalt Boots",
    "helmetSpecialInformation": {
      "fixedValue": []
    },
    "bodySpecialInformation": {
      "fixedValue": []
    },
    "leggingsSpecialInformation": {
      "fixedValue": []
    },
    "bootsSpecialInformation": {
      "fixedValue": []
    },
    "helmetModelName": "Default",
    "helmetModelPart": "Helmet",
    "helmetModelTexture": "From armor",
    "bodyModelName": "Default",
    "bodyModelPart": "Body",
    "armsModelPartL": "Arms L",
    "armsModelPartR": "Arms R",
    "bodyModelTexture": "From armor",
    "leggingsModelName": "Default",
    "leggingsModelPartL": "Leggings L",
    "leggingsModelPartR": "Leggings R",
    "leggingsModelTexture": "From armor",
    "bootsModelName": "Default",
    "bootsModelPartL": "Boots L",
    "bootsModelPartR": "Boots R",
    "bootsModelTexture": "From armor",
    "helmetItemRenderType": 0,
    "helmetItemCustomModelName": "Normal",
    "bodyItemRenderType": 0,
    "bodyItemCustomModelName": "Normal",
    "leggingsItemRenderType": 0,
    "leggingsItemCustomModelName": "Normal",
    "bootsItemRenderType": 0,
    "bootsItemCustomModelName": "Normal",
    "helmetImmuneToFire": false,
    "bodyImmuneToFire": false,
    "leggingsImmuneToFire": false,
    "bootsImmuneToFire": false,
    "maxDamage": 5,
    "damageValueHelmet": 2,
    "damageValueBody": 4,
    "damageValueLeggings": 3,
    "damageValueBoots": 2,
    "enchantability": 5,
    "toughness": 0.0,
    "knockbackResistance": 0.0,
    "equipSound": {
      "value": "item.armor.equip_iron"
    },
    "repairItems": [
      {
        "value": "CUSTOM:Guding"
      }
    ]
  }
}