{
  "_fv": 66,
  "_type": "gui",
  "definition": {
    "type": 0,
    "width": 292,
    "height": 180,
    "inventoryOffsetX": 0,
    "inventoryOffsetY": 0,
    "renderBgLayer": false,
    "doesPauseGame": false,
    "components": [
      {
        "type": "image",
        "data": {
          "image": "tutorial_book.png",
          "use1Xscale": false,
          "x": 67,
          "y": 30
        }
      },
      {
        "type": "imagebutton",
        "data": {
          "name": "imagebutton_next_arrow",
          "image": "next_arrow.png",
          "hoveredImage": "next_arrow_activate.png",
          "onClick": {
            "name": "OpenCommandBookGui2"
          },
          "x": 341,
          "y": 210
        }
      },
      {
        "type": "imagebutton",
        "data": {
          "name": "imagebutton_underline_blank",
          "image": "underline_blank.png",
          "hoveredImage": "underline.png",
          "onClick": {
            "name": "OpenCommandBookGui2"
          },
          "x": 80,
          "y": 45
        }
      },
      {
        "type": "label",
        "data": {
          "name": "label_p1_2",
          "text": {
            "fixedValue": "p1 2./dimensiontp"
          },
          "color": {
            "value": -12829636,
            "falpha": 0.0
          },
          "x": 81,
          "y": 57
        }
      },
      {
        "type": "imagebutton",
        "data": {
          "name": "imagebutton_underline_blank1",
          "image": "underline_blank.png",
          "hoveredImage": "underline.png",
          "onClick": {
            "name": "OpenCommandBookGui2"
          },
          "x": 81,
          "y": 57
        }
      },
      {
        "type": "label",
        "data": {
          "name": "label_p1_1hat",
          "text": {
            "fixedValue": "p1 1./hat"
          },
          "color": {
            "value": -12829636,
            "falpha": 0.0
          },
          "x": 81,
          "y": 45
        }
      },
      {
        "type": "label",
        "data": {
          "name": "label_p1_3bookget",
          "text": {
            "fixedValue": "p1 3./bookget"
          },
          "color": {
            "value": -12829636,
            "falpha": 0.0
          },
          "x": 82,
          "y": 69
        }
      },
      {
        "type": "imagebutton",
        "data": {
          "name": "imagebutton_underline_blank2",
          "image": "underline_blank.png",
          "hoveredImage": "underline.png",
          "onClick": {
            "name": "OpenCommandBookGui2"
          },
          "x": 82,
          "y": 69
        }
      }
    ],
    "gridSettings": {
      "sx": 18,
      "sy": 18,
      "ox": 11,
      "oy": 15,
      "snapOnGrid": false
    }
  }
}