{
  "_fv": 66,
  "_type": "projectile",
  "definition": {
    "projectileItem": {
      "value": "CUSTOM:BarBlock"
    },
    "showParticles": false,
    "actionSound": {
      "value": "entity.arrow.shoot"
    },
    "igniteFire": false,
    "power": 1.0,
    "damage": 0.5,
    "knockback": 0,
    "entityModel": "Default",
    "customModelTexture": "",
    "onHitsEntity": {
      "name": "CurseBulletDangTouZhiWuJiZhongShiTiShi"
    },
    "onFlyingTick": {
      "name": "CurseBulletTouZhiWuFeiXingTick"
    }
  }
}